USE [bbldb]
GO

--后台服务
INSERT [tbl_SysPluging] ([PluginID],[Enabled],[PluginCategory]) VALUES ( '07A872AF-2036-4CF1-BC6A-EA40F4041B61','1','客户关怀定时短信服务')
INSERT [tbl_SysPluging] ([PluginID],[Enabled],[PluginCategory]) VALUES ( '24F679A5-D9D9-461E-850A-E71E2FA6DB43','1','定时短信服务')
GO


INSERT [tbl_SysPlugingSetting] ([PluginID],[PluginSettingName],[PluginSettingValue]) VALUES ( '07A872AF-2036-4CF1-BC6A-EA40F4041B61','ExecuteOnAll','true')
INSERT [tbl_SysPlugingSetting] ([PluginID],[PluginSettingName],[PluginSettingValue]) VALUES ( '07A872AF-2036-4CF1-BC6A-EA40F4041B61','Interval','3000000000')
INSERT [tbl_SysPlugingSetting] ([PluginID],[PluginSettingName],[PluginSettingValue]) VALUES ( '24F679A5-D9D9-461E-850A-E71E2FA6DB43','ExecuteOnAll','true')
INSERT [tbl_SysPlugingSetting] ([PluginID],[PluginSettingName],[PluginSettingValue]) VALUES ( '24F679A5-D9D9-461E-850A-E71E2FA6DB43','Interval','1200000000')
GO




--权限类型基础数据
INSERT [tbl_SysPermissionType] ([Id],[PermissionTypeName]) VALUES ( 1,'客户后台')
GO

--权限大类基础数据
INSERT [tbl_SysPermissionCategory] ([Id],[TypeId],[CategoryName],[SortId],[IsEnable]) VALUES ( 1,1,'个人中心',0,'1')
INSERT [tbl_SysPermissionCategory] ([Id],[TypeId],[CategoryName],[SortId],[IsEnable]) VALUES ( 2,1,'线路产品库',0,'1')
INSERT [tbl_SysPermissionCategory] ([Id],[TypeId],[CategoryName],[SortId],[IsEnable]) VALUES ( 3,1,'散拼计划',0,'1')
INSERT [tbl_SysPermissionCategory] ([Id],[TypeId],[CategoryName],[SortId],[IsEnable]) VALUES ( 4,1,'团队计划',0,'1')
INSERT [tbl_SysPermissionCategory] ([Id],[TypeId],[CategoryName],[SortId],[IsEnable]) VALUES ( 5,1,'单项服务',0,'1')
INSERT [tbl_SysPermissionCategory] ([Id],[TypeId],[CategoryName],[SortId],[IsEnable]) VALUES ( 6,1,'销售管理',0,'1')
INSERT [tbl_SysPermissionCategory] ([Id],[TypeId],[CategoryName],[SortId],[IsEnable]) VALUES ( 7,1,'机票管理',0,'1')
INSERT [tbl_SysPermissionCategory] ([Id],[TypeId],[CategoryName],[SortId],[IsEnable]) VALUES ( 8,1,'供应商管理',0,'1')
INSERT [tbl_SysPermissionCategory] ([Id],[TypeId],[CategoryName],[SortId],[IsEnable]) VALUES ( 9,1,'客户关系管理',0,'1')
INSERT [tbl_SysPermissionCategory] ([Id],[TypeId],[CategoryName],[SortId],[IsEnable]) VALUES ( 10,1,'财务管理',0,'1')
INSERT [tbl_SysPermissionCategory] ([Id],[TypeId],[CategoryName],[SortId],[IsEnable]) VALUES ( 11,1,'统计分析',0,'1')
INSERT [tbl_SysPermissionCategory] ([Id],[TypeId],[CategoryName],[SortId],[IsEnable]) VALUES ( 12,1,'行政中心',0,'1')
INSERT [tbl_SysPermissionCategory] ([Id],[TypeId],[CategoryName],[SortId],[IsEnable]) VALUES ( 13,1,'短信中心',0,'1')
INSERT [tbl_SysPermissionCategory] ([Id],[TypeId],[CategoryName],[SortId],[IsEnable]) VALUES ( 14,1,'系统设置',0,'1')
GO

--权限子类基础数据
INSERT [tbl_SysPermissionClass] ([Id],[CategoryId],[ClassName],[SortId],[IsEnable]) VALUES ( 1,1,'事务提醒',0,'1')
INSERT [tbl_SysPermissionClass] ([Id],[CategoryId],[ClassName],[SortId],[IsEnable]) VALUES ( 2,1,'公告通知',0,'1')
INSERT [tbl_SysPermissionClass] ([Id],[CategoryId],[ClassName],[SortId],[IsEnable]) VALUES ( 3,1,'文档管理',0,'1')
INSERT [tbl_SysPermissionClass] ([Id],[CategoryId],[ClassName],[SortId],[IsEnable]) VALUES ( 4,1,'工作交流',0,'1')
INSERT [tbl_SysPermissionClass] ([Id],[CategoryId],[ClassName],[SortId],[IsEnable]) VALUES ( 5,2,'线路产品库',0,'1')
INSERT [tbl_SysPermissionClass] ([Id],[CategoryId],[ClassName],[SortId],[IsEnable]) VALUES ( 6,3,'散拼计划',0,'1')
INSERT [tbl_SysPermissionClass] ([Id],[CategoryId],[ClassName],[SortId],[IsEnable]) VALUES ( 7,4,'团队计划',0,'1')
INSERT [tbl_SysPermissionClass] ([Id],[CategoryId],[ClassName],[SortId],[IsEnable]) VALUES ( 8,5,'单项服务',0,'1')
INSERT [tbl_SysPermissionClass] ([Id],[CategoryId],[ClassName],[SortId],[IsEnable]) VALUES ( 9,6,'订单中心',0,'1')
INSERT [tbl_SysPermissionClass] ([Id],[CategoryId],[ClassName],[SortId],[IsEnable]) VALUES ( 10,6,'销售收款',0,'1')
INSERT [tbl_SysPermissionClass] ([Id],[CategoryId],[ClassName],[SortId],[IsEnable]) VALUES ( 11,7,'机票管理',0,'1')
INSERT [tbl_SysPermissionClass] ([Id],[CategoryId],[ClassName],[SortId],[IsEnable]) VALUES ( 12,8,'地接',0,'1')
INSERT [tbl_SysPermissionClass] ([Id],[CategoryId],[ClassName],[SortId],[IsEnable]) VALUES ( 13,8,'酒店',0,'1')
INSERT [tbl_SysPermissionClass] ([Id],[CategoryId],[ClassName],[SortId],[IsEnable]) VALUES ( 14,8,'餐馆',0,'1')
INSERT [tbl_SysPermissionClass] ([Id],[CategoryId],[ClassName],[SortId],[IsEnable]) VALUES ( 15,8,'车队',0,'1')
INSERT [tbl_SysPermissionClass] ([Id],[CategoryId],[ClassName],[SortId],[IsEnable]) VALUES ( 16,8,'票务',0,'1')
INSERT [tbl_SysPermissionClass] ([Id],[CategoryId],[ClassName],[SortId],[IsEnable]) VALUES ( 17,8,'景点',0,'1')
INSERT [tbl_SysPermissionClass] ([Id],[CategoryId],[ClassName],[SortId],[IsEnable]) VALUES ( 18,8,'购物',0,'1')
INSERT [tbl_SysPermissionClass] ([Id],[CategoryId],[ClassName],[SortId],[IsEnable]) VALUES ( 19,8,'保险',0,'1')
INSERT [tbl_SysPermissionClass] ([Id],[CategoryId],[ClassName],[SortId],[IsEnable]) VALUES ( 20,8,'其它',0,'1')
INSERT [tbl_SysPermissionClass] ([Id],[CategoryId],[ClassName],[SortId],[IsEnable]) VALUES ( 21,9,'客户资料',0,'1')
INSERT [tbl_SysPermissionClass] ([Id],[CategoryId],[ClassName],[SortId],[IsEnable]) VALUES ( 22,9,'营销活动',0,'1')
INSERT [tbl_SysPermissionClass] ([Id],[CategoryId],[ClassName],[SortId],[IsEnable]) VALUES ( 23,9,'客户关怀',0,'1')
INSERT [tbl_SysPermissionClass] ([Id],[CategoryId],[ClassName],[SortId],[IsEnable]) VALUES ( 24,9,'质量管理',0,'1')
INSERT [tbl_SysPermissionClass] ([Id],[CategoryId],[ClassName],[SortId],[IsEnable]) VALUES ( 25,9,'销售分析',0,'1')
INSERT [tbl_SysPermissionClass] ([Id],[CategoryId],[ClassName],[SortId],[IsEnable]) VALUES ( 26,10,'团队核算',0,'1')
INSERT [tbl_SysPermissionClass] ([Id],[CategoryId],[ClassName],[SortId],[IsEnable]) VALUES ( 27,10,'团款收入',0,'1')
INSERT [tbl_SysPermissionClass] ([Id],[CategoryId],[ClassName],[SortId],[IsEnable]) VALUES ( 28,10,'杂费收入',0,'1')
INSERT [tbl_SysPermissionClass] ([Id],[CategoryId],[ClassName],[SortId],[IsEnable]) VALUES ( 29,10,'团款支出',0,'1')
INSERT [tbl_SysPermissionClass] ([Id],[CategoryId],[ClassName],[SortId],[IsEnable]) VALUES ( 30,10,'杂费支出',0,'1')
INSERT [tbl_SysPermissionClass] ([Id],[CategoryId],[ClassName],[SortId],[IsEnable]) VALUES ( 31,10,'借款管理',0,'1')
INSERT [tbl_SysPermissionClass] ([Id],[CategoryId],[ClassName],[SortId],[IsEnable]) VALUES ( 32,10,'报销管理',0,'1')
INSERT [tbl_SysPermissionClass] ([Id],[CategoryId],[ClassName],[SortId],[IsEnable]) VALUES ( 33,10,'出纳登帐',0,'1')
INSERT [tbl_SysPermissionClass] ([Id],[CategoryId],[ClassName],[SortId],[IsEnable]) VALUES ( 34,10,'机票审核',0,'1')
INSERT [tbl_SysPermissionClass] ([Id],[CategoryId],[ClassName],[SortId],[IsEnable]) VALUES ( 35,11,'人次统计',0,'1')
INSERT [tbl_SysPermissionClass] ([Id],[CategoryId],[ClassName],[SortId],[IsEnable]) VALUES ( 36,11,'员工业绩',0,'1')
INSERT [tbl_SysPermissionClass] ([Id],[CategoryId],[ClassName],[SortId],[IsEnable]) VALUES ( 37,11,'利润统计',0,'1')
INSERT [tbl_SysPermissionClass] ([Id],[CategoryId],[ClassName],[SortId],[IsEnable]) VALUES ( 38,11,'收入对账单',0,'1')
INSERT [tbl_SysPermissionClass] ([Id],[CategoryId],[ClassName],[SortId],[IsEnable]) VALUES ( 39,11,'支出对账单',0,'1')
INSERT [tbl_SysPermissionClass] ([Id],[CategoryId],[ClassName],[SortId],[IsEnable]) VALUES ( 40,11,'帐龄分析',0,'1')
INSERT [tbl_SysPermissionClass] ([Id],[CategoryId],[ClassName],[SortId],[IsEnable]) VALUES ( 41,11,'现金流量',0,'1')
INSERT [tbl_SysPermissionClass] ([Id],[CategoryId],[ClassName],[SortId],[IsEnable]) VALUES ( 42,12,'职务管理',0,'1')
INSERT [tbl_SysPermissionClass] ([Id],[CategoryId],[ClassName],[SortId],[IsEnable]) VALUES ( 43,12,'人事档案',0,'1')
INSERT [tbl_SysPermissionClass] ([Id],[CategoryId],[ClassName],[SortId],[IsEnable]) VALUES ( 44,12,'考勤管理',0,'1')
INSERT [tbl_SysPermissionClass] ([Id],[CategoryId],[ClassName],[SortId],[IsEnable]) VALUES ( 45,12,'内部通讯录',0,'1')
INSERT [tbl_SysPermissionClass] ([Id],[CategoryId],[ClassName],[SortId],[IsEnable]) VALUES ( 46,12,'规章制度',0,'1')
INSERT [tbl_SysPermissionClass] ([Id],[CategoryId],[ClassName],[SortId],[IsEnable]) VALUES ( 47,12,'会议记录',0,'1')
INSERT [tbl_SysPermissionClass] ([Id],[CategoryId],[ClassName],[SortId],[IsEnable]) VALUES ( 48,12,'劳动合同管理',0,'1')
INSERT [tbl_SysPermissionClass] ([Id],[CategoryId],[ClassName],[SortId],[IsEnable]) VALUES ( 49,12,'固定资产管理',0,'1')
INSERT [tbl_SysPermissionClass] ([Id],[CategoryId],[ClassName],[SortId],[IsEnable]) VALUES ( 50,12,'培训计划',0,'1')
INSERT [tbl_SysPermissionClass] ([Id],[CategoryId],[ClassName],[SortId],[IsEnable]) VALUES ( 51,13,'短信中心',0,'1')
INSERT [tbl_SysPermissionClass] ([Id],[CategoryId],[ClassName],[SortId],[IsEnable]) VALUES ( 52,14,'基础设置',0,'1')
INSERT [tbl_SysPermissionClass] ([Id],[CategoryId],[ClassName],[SortId],[IsEnable]) VALUES ( 53,14,'组织机构',0,'1')
INSERT [tbl_SysPermissionClass] ([Id],[CategoryId],[ClassName],[SortId],[IsEnable]) VALUES ( 54,14,'角色管理',0,'1')
INSERT [tbl_SysPermissionClass] ([Id],[CategoryId],[ClassName],[SortId],[IsEnable]) VALUES ( 55,14,'公司信息',0,'1')
INSERT [tbl_SysPermissionClass] ([Id],[CategoryId],[ClassName],[SortId],[IsEnable]) VALUES ( 56,14,'信息管理',0,'1')
INSERT [tbl_SysPermissionClass] ([Id],[CategoryId],[ClassName],[SortId],[IsEnable]) VALUES ( 57,14,'系统配置',0,'1')
INSERT [tbl_SysPermissionClass] ([Id],[CategoryId],[ClassName],[SortId],[IsEnable]) VALUES ( 58,14,'系统日志',0,'1')
INSERT [tbl_SysPermissionClass] ([Id],[CategoryId],[ClassName],[SortId],[IsEnable]) VALUES ( 59,3,'散客天天发',0,'1')
INSERT [tbl_SysPermissionClass] ([Id],[CategoryId],[ClassName],[SortId],[IsEnable]) VALUES ( 60,4,'组团社询价',0,'1')
INSERT [tbl_SysPermissionClass] ([Id],[CategoryId],[ClassName],[SortId],[IsEnable]) VALUES ( 61,4,'上传报价',0,'1')
INSERT [tbl_SysPermissionClass] ([Id],[CategoryId],[ClassName],[SortId],[IsEnable]) VALUES ( 62,7,'出票统计',0,'1')
INSERT [tbl_SysPermissionClass] ([Id],[CategoryId],[ClassName],[SortId],[IsEnable]) VALUES ( 63,1,'送团任务表',0,'1')
INSERT [tbl_SysPermissionClass] ([Id],[CategoryId],[ClassName],[SortId],[IsEnable]) VALUES ( 64,1,'留言板',0,'1')
INSERT [tbl_SysPermissionClass] ([Id],[CategoryId],[ClassName],[SortId],[IsEnable]) VALUES ( 65,14,'同行平台',0,'1')
INSERT [tbl_SysPermissionClass] ([Id],[CategoryId],[ClassName],[SortId],[IsEnable]) VALUES ( 66,8,'航空公司',0,'1')
GO

--权限列表基础数据
INSERT [tbl_SysPermissionList] ([Id],[ClassId],[PermissionName],[SortId],[IsEnable]) VALUES ( 1,1,'收款提醒 栏目',0,'1')
INSERT [tbl_SysPermissionList] ([Id],[ClassId],[PermissionName],[SortId],[IsEnable]) VALUES ( 2,1,'付款提醒 栏目',0,'1')
INSERT [tbl_SysPermissionList] ([Id],[ClassId],[PermissionName],[SortId],[IsEnable]) VALUES ( 3,1,'出团提醒 栏目',0,'1')
INSERT [tbl_SysPermissionList] ([Id],[ClassId],[PermissionName],[SortId],[IsEnable]) VALUES ( 4,1,'回团提醒 栏目',0,'1')
INSERT [tbl_SysPermissionList] ([Id],[ClassId],[PermissionName],[SortId],[IsEnable]) VALUES ( 5,1,'合同到期提醒 栏目',0,'1')
INSERT [tbl_SysPermissionList] ([Id],[ClassId],[PermissionName],[SortId],[IsEnable]) VALUES ( 6,2,'查看公告',0,'1')
INSERT [tbl_SysPermissionList] ([Id],[ClassId],[PermissionName],[SortId],[IsEnable]) VALUES ( 7,3,'栏目',0,'1')
INSERT [tbl_SysPermissionList] ([Id],[ClassId],[PermissionName],[SortId],[IsEnable]) VALUES ( 8,3,'下载',0,'1')
INSERT [tbl_SysPermissionList] ([Id],[ClassId],[PermissionName],[SortId],[IsEnable]) VALUES ( 9,4,'工作汇报 栏目',0,'1')
INSERT [tbl_SysPermissionList] ([Id],[ClassId],[PermissionName],[SortId],[IsEnable]) VALUES ( 10,4,'工作计划 栏目',0,'1')
INSERT [tbl_SysPermissionList] ([Id],[ClassId],[PermissionName],[SortId],[IsEnable]) VALUES ( 11,4,'交流专区 栏目',0,'1')
INSERT [tbl_SysPermissionList] ([Id],[ClassId],[PermissionName],[SortId],[IsEnable]) VALUES ( 12,5,'栏目',0,'1')
INSERT [tbl_SysPermissionList] ([Id],[ClassId],[PermissionName],[SortId],[IsEnable]) VALUES ( 13,5,'新增线路',0,'1')
INSERT [tbl_SysPermissionList] ([Id],[ClassId],[PermissionName],[SortId],[IsEnable]) VALUES ( 14,5,'修改线路',0,'1')
INSERT [tbl_SysPermissionList] ([Id],[ClassId],[PermissionName],[SortId],[IsEnable]) VALUES ( 15,5,'删除线路',0,'1')
INSERT [tbl_SysPermissionList] ([Id],[ClassId],[PermissionName],[SortId],[IsEnable]) VALUES ( 16,5,'发布计划',0,'1')
INSERT [tbl_SysPermissionList] ([Id],[ClassId],[PermissionName],[SortId],[IsEnable]) VALUES ( 17,5,'我要报价',0,'1')
INSERT [tbl_SysPermissionList] ([Id],[ClassId],[PermissionName],[SortId],[IsEnable]) VALUES ( 18,6,'栏目',0,'1')
INSERT [tbl_SysPermissionList] ([Id],[ClassId],[PermissionName],[SortId],[IsEnable]) VALUES ( 19,6,'新增计划',0,'1')
INSERT [tbl_SysPermissionList] ([Id],[ClassId],[PermissionName],[SortId],[IsEnable]) VALUES ( 20,6,'修改计划',0,'1')
INSERT [tbl_SysPermissionList] ([Id],[ClassId],[PermissionName],[SortId],[IsEnable]) VALUES ( 21,6,'删除计划',0,'1')
INSERT [tbl_SysPermissionList] ([Id],[ClassId],[PermissionName],[SortId],[IsEnable]) VALUES ( 22,6,'处理订单',0,'1')
INSERT [tbl_SysPermissionList] ([Id],[ClassId],[PermissionName],[SortId],[IsEnable]) VALUES ( 23,6,'安排地接',0,'1')
INSERT [tbl_SysPermissionList] ([Id],[ClassId],[PermissionName],[SortId],[IsEnable]) VALUES ( 24,6,'申请机票',0,'1')
INSERT [tbl_SysPermissionList] ([Id],[ClassId],[PermissionName],[SortId],[IsEnable]) VALUES ( 25,6,'团队结算',0,'1')
INSERT [tbl_SysPermissionList] ([Id],[ClassId],[PermissionName],[SortId],[IsEnable]) VALUES ( 26,7,'栏目',0,'1')
INSERT [tbl_SysPermissionList] ([Id],[ClassId],[PermissionName],[SortId],[IsEnable]) VALUES ( 27,7,'新增计划',0,'1')
INSERT [tbl_SysPermissionList] ([Id],[ClassId],[PermissionName],[SortId],[IsEnable]) VALUES ( 28,7,'修改计划',0,'1')
INSERT [tbl_SysPermissionList] ([Id],[ClassId],[PermissionName],[SortId],[IsEnable]) VALUES ( 29,7,'删除计划',0,'1')
INSERT [tbl_SysPermissionList] ([Id],[ClassId],[PermissionName],[SortId],[IsEnable]) VALUES ( 30,7,'处理订单',0,'1')
INSERT [tbl_SysPermissionList] ([Id],[ClassId],[PermissionName],[SortId],[IsEnable]) VALUES ( 31,7,'安排地接',0,'1')
INSERT [tbl_SysPermissionList] ([Id],[ClassId],[PermissionName],[SortId],[IsEnable]) VALUES ( 32,7,'申请机票',0,'1')
INSERT [tbl_SysPermissionList] ([Id],[ClassId],[PermissionName],[SortId],[IsEnable]) VALUES ( 33,7,'团队结算',0,'1')
INSERT [tbl_SysPermissionList] ([Id],[ClassId],[PermissionName],[SortId],[IsEnable]) VALUES ( 34,8,'栏目',0,'1')
INSERT [tbl_SysPermissionList] ([Id],[ClassId],[PermissionName],[SortId],[IsEnable]) VALUES ( 35,8,'新增服务',0,'1')
INSERT [tbl_SysPermissionList] ([Id],[ClassId],[PermissionName],[SortId],[IsEnable]) VALUES ( 36,8,'修改服务',0,'1')
INSERT [tbl_SysPermissionList] ([Id],[ClassId],[PermissionName],[SortId],[IsEnable]) VALUES ( 37,8,'删除服务',0,'1')
INSERT [tbl_SysPermissionList] ([Id],[ClassId],[PermissionName],[SortId],[IsEnable]) VALUES ( 38,8,'提交财务',0,'1')
INSERT [tbl_SysPermissionList] ([Id],[ClassId],[PermissionName],[SortId],[IsEnable]) VALUES ( 39,9,'栏目',0,'1')
INSERT [tbl_SysPermissionList] ([Id],[ClassId],[PermissionName],[SortId],[IsEnable]) VALUES ( 40,9,'订单修改',0,'1')
INSERT [tbl_SysPermissionList] ([Id],[ClassId],[PermissionName],[SortId],[IsEnable]) VALUES ( 41,9,'退团操作',0,'1')
INSERT [tbl_SysPermissionList] ([Id],[ClassId],[PermissionName],[SortId],[IsEnable]) VALUES ( 42,9,'退票申请',0,'1')
INSERT [tbl_SysPermissionList] ([Id],[ClassId],[PermissionName],[SortId],[IsEnable]) VALUES ( 43,10,'栏目',0,'1')
INSERT [tbl_SysPermissionList] ([Id],[ClassId],[PermissionName],[SortId],[IsEnable]) VALUES ( 44,10,'收款登记',0,'1')
INSERT [tbl_SysPermissionList] ([Id],[ClassId],[PermissionName],[SortId],[IsEnable]) VALUES ( 45,10,'退款登记',0,'1')
INSERT [tbl_SysPermissionList] ([Id],[ClassId],[PermissionName],[SortId],[IsEnable]) VALUES ( 46,11,'栏目',0,'1')
INSERT [tbl_SysPermissionList] ([Id],[ClassId],[PermissionName],[SortId],[IsEnable]) VALUES ( 47,11,'出票操作',0,'1')
INSERT [tbl_SysPermissionList] ([Id],[ClassId],[PermissionName],[SortId],[IsEnable]) VALUES ( 48,11,'退票操作',0,'1')
INSERT [tbl_SysPermissionList] ([Id],[ClassId],[PermissionName],[SortId],[IsEnable]) VALUES ( 49,11,'出票统计',0,'1')
INSERT [tbl_SysPermissionList] ([Id],[ClassId],[PermissionName],[SortId],[IsEnable]) VALUES ( 50,11,'退票统计',0,'1')
INSERT [tbl_SysPermissionList] ([Id],[ClassId],[PermissionName],[SortId],[IsEnable]) VALUES ( 51,12,'栏目',0,'1')
INSERT [tbl_SysPermissionList] ([Id],[ClassId],[PermissionName],[SortId],[IsEnable]) VALUES ( 52,12,'新增',0,'1')
INSERT [tbl_SysPermissionList] ([Id],[ClassId],[PermissionName],[SortId],[IsEnable]) VALUES ( 53,12,'修改',0,'1')
INSERT [tbl_SysPermissionList] ([Id],[ClassId],[PermissionName],[SortId],[IsEnable]) VALUES ( 54,12,'删除',0,'1')
INSERT [tbl_SysPermissionList] ([Id],[ClassId],[PermissionName],[SortId],[IsEnable]) VALUES ( 55,12,'导入',0,'1')
INSERT [tbl_SysPermissionList] ([Id],[ClassId],[PermissionName],[SortId],[IsEnable]) VALUES ( 56,12,'导出',0,'1')
INSERT [tbl_SysPermissionList] ([Id],[ClassId],[PermissionName],[SortId],[IsEnable]) VALUES ( 57,13,'栏目',0,'1')
INSERT [tbl_SysPermissionList] ([Id],[ClassId],[PermissionName],[SortId],[IsEnable]) VALUES ( 58,13,'新增',0,'1')
INSERT [tbl_SysPermissionList] ([Id],[ClassId],[PermissionName],[SortId],[IsEnable]) VALUES ( 59,13,'修改',0,'1')
INSERT [tbl_SysPermissionList] ([Id],[ClassId],[PermissionName],[SortId],[IsEnable]) VALUES ( 60,13,'删除',0,'1')
INSERT [tbl_SysPermissionList] ([Id],[ClassId],[PermissionName],[SortId],[IsEnable]) VALUES ( 61,13,'导入',0,'1')
INSERT [tbl_SysPermissionList] ([Id],[ClassId],[PermissionName],[SortId],[IsEnable]) VALUES ( 62,13,'导出',0,'1')
INSERT [tbl_SysPermissionList] ([Id],[ClassId],[PermissionName],[SortId],[IsEnable]) VALUES ( 63,14,'栏目',0,'1')
INSERT [tbl_SysPermissionList] ([Id],[ClassId],[PermissionName],[SortId],[IsEnable]) VALUES ( 64,14,'新增',0,'1')
INSERT [tbl_SysPermissionList] ([Id],[ClassId],[PermissionName],[SortId],[IsEnable]) VALUES ( 65,14,'修改',0,'1')
INSERT [tbl_SysPermissionList] ([Id],[ClassId],[PermissionName],[SortId],[IsEnable]) VALUES ( 66,14,'删除',0,'1')
INSERT [tbl_SysPermissionList] ([Id],[ClassId],[PermissionName],[SortId],[IsEnable]) VALUES ( 67,14,'导入',0,'1')
INSERT [tbl_SysPermissionList] ([Id],[ClassId],[PermissionName],[SortId],[IsEnable]) VALUES ( 68,14,'导出',0,'1')
INSERT [tbl_SysPermissionList] ([Id],[ClassId],[PermissionName],[SortId],[IsEnable]) VALUES ( 69,15,'栏目',0,'1')
INSERT [tbl_SysPermissionList] ([Id],[ClassId],[PermissionName],[SortId],[IsEnable]) VALUES ( 70,15,'新增',0,'1')
INSERT [tbl_SysPermissionList] ([Id],[ClassId],[PermissionName],[SortId],[IsEnable]) VALUES ( 71,15,'修改',0,'1')
INSERT [tbl_SysPermissionList] ([Id],[ClassId],[PermissionName],[SortId],[IsEnable]) VALUES ( 72,15,'删除',0,'1')
INSERT [tbl_SysPermissionList] ([Id],[ClassId],[PermissionName],[SortId],[IsEnable]) VALUES ( 73,15,'导入',0,'1')
INSERT [tbl_SysPermissionList] ([Id],[ClassId],[PermissionName],[SortId],[IsEnable]) VALUES ( 74,15,'导出',0,'1')
INSERT [tbl_SysPermissionList] ([Id],[ClassId],[PermissionName],[SortId],[IsEnable]) VALUES ( 75,16,'栏目',0,'1')
INSERT [tbl_SysPermissionList] ([Id],[ClassId],[PermissionName],[SortId],[IsEnable]) VALUES ( 76,16,'新增',0,'1')
INSERT [tbl_SysPermissionList] ([Id],[ClassId],[PermissionName],[SortId],[IsEnable]) VALUES ( 77,16,'修改',0,'1')
INSERT [tbl_SysPermissionList] ([Id],[ClassId],[PermissionName],[SortId],[IsEnable]) VALUES ( 78,16,'删除',0,'1')
INSERT [tbl_SysPermissionList] ([Id],[ClassId],[PermissionName],[SortId],[IsEnable]) VALUES ( 79,16,'导入',0,'1')
INSERT [tbl_SysPermissionList] ([Id],[ClassId],[PermissionName],[SortId],[IsEnable]) VALUES ( 80,16,'导出',0,'1')
INSERT [tbl_SysPermissionList] ([Id],[ClassId],[PermissionName],[SortId],[IsEnable]) VALUES ( 81,17,'栏目',0,'1')
INSERT [tbl_SysPermissionList] ([Id],[ClassId],[PermissionName],[SortId],[IsEnable]) VALUES ( 82,17,'新增',0,'1')
INSERT [tbl_SysPermissionList] ([Id],[ClassId],[PermissionName],[SortId],[IsEnable]) VALUES ( 83,17,'修改',0,'1')
INSERT [tbl_SysPermissionList] ([Id],[ClassId],[PermissionName],[SortId],[IsEnable]) VALUES ( 84,17,'删除',0,'1')
INSERT [tbl_SysPermissionList] ([Id],[ClassId],[PermissionName],[SortId],[IsEnable]) VALUES ( 85,17,'导入',0,'1')
INSERT [tbl_SysPermissionList] ([Id],[ClassId],[PermissionName],[SortId],[IsEnable]) VALUES ( 86,17,'导出',0,'1')
INSERT [tbl_SysPermissionList] ([Id],[ClassId],[PermissionName],[SortId],[IsEnable]) VALUES ( 87,18,'栏目',0,'1')
INSERT [tbl_SysPermissionList] ([Id],[ClassId],[PermissionName],[SortId],[IsEnable]) VALUES ( 88,18,'新增',0,'1')
INSERT [tbl_SysPermissionList] ([Id],[ClassId],[PermissionName],[SortId],[IsEnable]) VALUES ( 89,18,'修改',0,'1')
INSERT [tbl_SysPermissionList] ([Id],[ClassId],[PermissionName],[SortId],[IsEnable]) VALUES ( 90,18,'删除',0,'1')
INSERT [tbl_SysPermissionList] ([Id],[ClassId],[PermissionName],[SortId],[IsEnable]) VALUES ( 91,18,'导入',0,'1')
INSERT [tbl_SysPermissionList] ([Id],[ClassId],[PermissionName],[SortId],[IsEnable]) VALUES ( 92,18,'导出',0,'1')
INSERT [tbl_SysPermissionList] ([Id],[ClassId],[PermissionName],[SortId],[IsEnable]) VALUES ( 93,19,'栏目',0,'1')
INSERT [tbl_SysPermissionList] ([Id],[ClassId],[PermissionName],[SortId],[IsEnable]) VALUES ( 94,19,'新增',0,'1')
INSERT [tbl_SysPermissionList] ([Id],[ClassId],[PermissionName],[SortId],[IsEnable]) VALUES ( 95,19,'修改',0,'1')
INSERT [tbl_SysPermissionList] ([Id],[ClassId],[PermissionName],[SortId],[IsEnable]) VALUES ( 96,19,'删除',0,'1')
INSERT [tbl_SysPermissionList] ([Id],[ClassId],[PermissionName],[SortId],[IsEnable]) VALUES ( 97,19,'导入',0,'1')
INSERT [tbl_SysPermissionList] ([Id],[ClassId],[PermissionName],[SortId],[IsEnable]) VALUES ( 98,19,'导出',0,'1')
INSERT [tbl_SysPermissionList] ([Id],[ClassId],[PermissionName],[SortId],[IsEnable]) VALUES ( 99,20,'栏目',0,'1')
INSERT [tbl_SysPermissionList] ([Id],[ClassId],[PermissionName],[SortId],[IsEnable]) VALUES ( 100,20,'新增',0,'1')
INSERT [tbl_SysPermissionList] ([Id],[ClassId],[PermissionName],[SortId],[IsEnable]) VALUES ( 101,20,'修改',0,'1')
INSERT [tbl_SysPermissionList] ([Id],[ClassId],[PermissionName],[SortId],[IsEnable]) VALUES ( 102,20,'删除',0,'1')
INSERT [tbl_SysPermissionList] ([Id],[ClassId],[PermissionName],[SortId],[IsEnable]) VALUES ( 103,20,'导入',0,'1')
INSERT [tbl_SysPermissionList] ([Id],[ClassId],[PermissionName],[SortId],[IsEnable]) VALUES ( 104,20,'导出',0,'1')
INSERT [tbl_SysPermissionList] ([Id],[ClassId],[PermissionName],[SortId],[IsEnable]) VALUES ( 106,21,'栏目',0,'1')
INSERT [tbl_SysPermissionList] ([Id],[ClassId],[PermissionName],[SortId],[IsEnable]) VALUES ( 107,21,'新增客户',0,'1')
INSERT [tbl_SysPermissionList] ([Id],[ClassId],[PermissionName],[SortId],[IsEnable]) VALUES ( 108,21,'修改客户',0,'1')
INSERT [tbl_SysPermissionList] ([Id],[ClassId],[PermissionName],[SortId],[IsEnable]) VALUES ( 110,21,'导入客户',0,'1')
INSERT [tbl_SysPermissionList] ([Id],[ClassId],[PermissionName],[SortId],[IsEnable]) VALUES ( 111,21,'导出客户',0,'1')
INSERT [tbl_SysPermissionList] ([Id],[ClassId],[PermissionName],[SortId],[IsEnable]) VALUES ( 112,21,'分配帐号',0,'1')
INSERT [tbl_SysPermissionList] ([Id],[ClassId],[PermissionName],[SortId],[IsEnable]) VALUES ( 113,21,'停用帐号',0,'1')
INSERT [tbl_SysPermissionList] ([Id],[ClassId],[PermissionName],[SortId],[IsEnable]) VALUES ( 114,22,'栏目',0,'1')
INSERT [tbl_SysPermissionList] ([Id],[ClassId],[PermissionName],[SortId],[IsEnable]) VALUES ( 115,22,'新增活动',0,'1')
INSERT [tbl_SysPermissionList] ([Id],[ClassId],[PermissionName],[SortId],[IsEnable]) VALUES ( 116,22,'修改活动',0,'1')
INSERT [tbl_SysPermissionList] ([Id],[ClassId],[PermissionName],[SortId],[IsEnable]) VALUES ( 117,22,'删除活动',0,'1')
INSERT [tbl_SysPermissionList] ([Id],[ClassId],[PermissionName],[SortId],[IsEnable]) VALUES ( 118,23,'栏目',0,'1')
INSERT [tbl_SysPermissionList] ([Id],[ClassId],[PermissionName],[SortId],[IsEnable]) VALUES ( 119,24,'回访栏目',0,'1')
INSERT [tbl_SysPermissionList] ([Id],[ClassId],[PermissionName],[SortId],[IsEnable]) VALUES ( 120,24,'投诉栏目',0,'1')
INSERT [tbl_SysPermissionList] ([Id],[ClassId],[PermissionName],[SortId],[IsEnable]) VALUES ( 121,24,'新增回访',0,'1')
INSERT [tbl_SysPermissionList] ([Id],[ClassId],[PermissionName],[SortId],[IsEnable]) VALUES ( 122,24,'修改回访',0,'1')
INSERT [tbl_SysPermissionList] ([Id],[ClassId],[PermissionName],[SortId],[IsEnable]) VALUES ( 123,24,'删除回访',0,'1')
INSERT [tbl_SysPermissionList] ([Id],[ClassId],[PermissionName],[SortId],[IsEnable]) VALUES ( 124,24,'新增投诉',0,'1')
INSERT [tbl_SysPermissionList] ([Id],[ClassId],[PermissionName],[SortId],[IsEnable]) VALUES ( 125,24,'修改投诉',0,'1')
INSERT [tbl_SysPermissionList] ([Id],[ClassId],[PermissionName],[SortId],[IsEnable]) VALUES ( 126,24,'删除投诉',0,'1')
INSERT [tbl_SysPermissionList] ([Id],[ClassId],[PermissionName],[SortId],[IsEnable]) VALUES ( 127,25,'人次统计栏目',0,'1')
INSERT [tbl_SysPermissionList] ([Id],[ClassId],[PermissionName],[SortId],[IsEnable]) VALUES ( 128,25,'利润统计栏目',0,'1')
INSERT [tbl_SysPermissionList] ([Id],[ClassId],[PermissionName],[SortId],[IsEnable]) VALUES ( 129,25,'帐龄分析栏目',0,'1')
INSERT [tbl_SysPermissionList] ([Id],[ClassId],[PermissionName],[SortId],[IsEnable]) VALUES ( 131,26,'栏目',0,'1')
INSERT [tbl_SysPermissionList] ([Id],[ClassId],[PermissionName],[SortId],[IsEnable]) VALUES ( 132,26,'费用变更（控制增、减费用）',0,'1')
INSERT [tbl_SysPermissionList] ([Id],[ClassId],[PermissionName],[SortId],[IsEnable]) VALUES ( 133,26,'其它收入添加',0,'1')
INSERT [tbl_SysPermissionList] ([Id],[ClassId],[PermissionName],[SortId],[IsEnable]) VALUES ( 134,26,'其它支出添加',0,'1')
INSERT [tbl_SysPermissionList] ([Id],[ClassId],[PermissionName],[SortId],[IsEnable]) VALUES ( 135,26,'利润分配添加',0,'1')
INSERT [tbl_SysPermissionList] ([Id],[ClassId],[PermissionName],[SortId],[IsEnable]) VALUES ( 136,26,'团队复核',0,'1')
INSERT [tbl_SysPermissionList] ([Id],[ClassId],[PermissionName],[SortId],[IsEnable]) VALUES ( 137,26,'核算结束',0,'1')
INSERT [tbl_SysPermissionList] ([Id],[ClassId],[PermissionName],[SortId],[IsEnable]) VALUES ( 138,26,'退回计调',0,'1')
INSERT [tbl_SysPermissionList] ([Id],[ClassId],[PermissionName],[SortId],[IsEnable]) VALUES ( 139,27,'栏目',0,'1')
INSERT [tbl_SysPermissionList] ([Id],[ClassId],[PermissionName],[SortId],[IsEnable]) VALUES ( 140,27,'收款登记',0,'1')
INSERT [tbl_SysPermissionList] ([Id],[ClassId],[PermissionName],[SortId],[IsEnable]) VALUES ( 141,27,'收款审核',0,'1')
INSERT [tbl_SysPermissionList] ([Id],[ClassId],[PermissionName],[SortId],[IsEnable]) VALUES ( 142,27,'退款登记',0,'1')
INSERT [tbl_SysPermissionList] ([Id],[ClassId],[PermissionName],[SortId],[IsEnable]) VALUES ( 143,27,'退款审核',0,'1')
INSERT [tbl_SysPermissionList] ([Id],[ClassId],[PermissionName],[SortId],[IsEnable]) VALUES ( 144,28,'栏目',0,'1')
INSERT [tbl_SysPermissionList] ([Id],[ClassId],[PermissionName],[SortId],[IsEnable]) VALUES ( 145,28,'收入登记',0,'1')
INSERT [tbl_SysPermissionList] ([Id],[ClassId],[PermissionName],[SortId],[IsEnable]) VALUES ( 146,29,'栏目',0,'1')
INSERT [tbl_SysPermissionList] ([Id],[ClassId],[PermissionName],[SortId],[IsEnable]) VALUES ( 147,29,'付款登记',0,'1')
INSERT [tbl_SysPermissionList] ([Id],[ClassId],[PermissionName],[SortId],[IsEnable]) VALUES ( 148,29,'付款审批',0,'1')
INSERT [tbl_SysPermissionList] ([Id],[ClassId],[PermissionName],[SortId],[IsEnable]) VALUES ( 149,29,'财务支付',0,'1')
INSERT [tbl_SysPermissionList] ([Id],[ClassId],[PermissionName],[SortId],[IsEnable]) VALUES ( 150,29,'成本确认',0,'1')
INSERT [tbl_SysPermissionList] ([Id],[ClassId],[PermissionName],[SortId],[IsEnable]) VALUES ( 151,30,'栏目',0,'1')
INSERT [tbl_SysPermissionList] ([Id],[ClassId],[PermissionName],[SortId],[IsEnable]) VALUES ( 152,30,'支出登记',0,'1')
INSERT [tbl_SysPermissionList] ([Id],[ClassId],[PermissionName],[SortId],[IsEnable]) VALUES ( 153,31,'栏目',0,'1')
INSERT [tbl_SysPermissionList] ([Id],[ClassId],[PermissionName],[SortId],[IsEnable]) VALUES ( 154,31,'借款审批',0,'1')
INSERT [tbl_SysPermissionList] ([Id],[ClassId],[PermissionName],[SortId],[IsEnable]) VALUES ( 155,31,'财务支付',0,'1')
INSERT [tbl_SysPermissionList] ([Id],[ClassId],[PermissionName],[SortId],[IsEnable]) VALUES ( 156,32,'栏目',0,'1')
INSERT [tbl_SysPermissionList] ([Id],[ClassId],[PermissionName],[SortId],[IsEnable]) VALUES ( 157,32,'报销审批',0,'1')
INSERT [tbl_SysPermissionList] ([Id],[ClassId],[PermissionName],[SortId],[IsEnable]) VALUES ( 158,32,'财务支付',0,'1')
INSERT [tbl_SysPermissionList] ([Id],[ClassId],[PermissionName],[SortId],[IsEnable]) VALUES ( 159,33,'栏目',0,'1')
INSERT [tbl_SysPermissionList] ([Id],[ClassId],[PermissionName],[SortId],[IsEnable]) VALUES ( 160,33,'到款登记',0,'1')
INSERT [tbl_SysPermissionList] ([Id],[ClassId],[PermissionName],[SortId],[IsEnable]) VALUES ( 161,33,'销售销账',0,'1')
INSERT [tbl_SysPermissionList] ([Id],[ClassId],[PermissionName],[SortId],[IsEnable]) VALUES ( 162,34,'栏目',0,'1')
INSERT [tbl_SysPermissionList] ([Id],[ClassId],[PermissionName],[SortId],[IsEnable]) VALUES ( 163,34,'财务审核',0,'1')
INSERT [tbl_SysPermissionList] ([Id],[ClassId],[PermissionName],[SortId],[IsEnable]) VALUES ( 164,35,'人次统计栏目',0,'1')
INSERT [tbl_SysPermissionList] ([Id],[ClassId],[PermissionName],[SortId],[IsEnable]) VALUES ( 165,36,'员工业绩栏目',0,'1')
INSERT [tbl_SysPermissionList] ([Id],[ClassId],[PermissionName],[SortId],[IsEnable]) VALUES ( 166,37,'利润统计栏目',0,'1')
INSERT [tbl_SysPermissionList] ([Id],[ClassId],[PermissionName],[SortId],[IsEnable]) VALUES ( 167,38,'收入对账单栏目',0,'1')
INSERT [tbl_SysPermissionList] ([Id],[ClassId],[PermissionName],[SortId],[IsEnable]) VALUES ( 168,39,'支出对账单栏目',0,'1')
INSERT [tbl_SysPermissionList] ([Id],[ClassId],[PermissionName],[SortId],[IsEnable]) VALUES ( 169,40,'帐龄分析栏目',0,'1')
INSERT [tbl_SysPermissionList] ([Id],[ClassId],[PermissionName],[SortId],[IsEnable]) VALUES ( 170,41,'现金流量栏目',0,'1')
INSERT [tbl_SysPermissionList] ([Id],[ClassId],[PermissionName],[SortId],[IsEnable]) VALUES ( 171,42,'栏目',0,'1')
INSERT [tbl_SysPermissionList] ([Id],[ClassId],[PermissionName],[SortId],[IsEnable]) VALUES ( 172,42,'新增职务',0,'1')
INSERT [tbl_SysPermissionList] ([Id],[ClassId],[PermissionName],[SortId],[IsEnable]) VALUES ( 173,42,'修改职务',0,'1')
INSERT [tbl_SysPermissionList] ([Id],[ClassId],[PermissionName],[SortId],[IsEnable]) VALUES ( 174,42,'删除职务',0,'1')
INSERT [tbl_SysPermissionList] ([Id],[ClassId],[PermissionName],[SortId],[IsEnable]) VALUES ( 175,43,'栏目',0,'1')
INSERT [tbl_SysPermissionList] ([Id],[ClassId],[PermissionName],[SortId],[IsEnable]) VALUES ( 176,43,'新增档案',0,'1')
INSERT [tbl_SysPermissionList] ([Id],[ClassId],[PermissionName],[SortId],[IsEnable]) VALUES ( 177,43,'修改档案',0,'1')
INSERT [tbl_SysPermissionList] ([Id],[ClassId],[PermissionName],[SortId],[IsEnable]) VALUES ( 178,43,'删除档案',0,'1')
INSERT [tbl_SysPermissionList] ([Id],[ClassId],[PermissionName],[SortId],[IsEnable]) VALUES ( 179,44,'栏目',0,'1')
INSERT [tbl_SysPermissionList] ([Id],[ClassId],[PermissionName],[SortId],[IsEnable]) VALUES ( 180,44,'考勤登记',0,'1')
INSERT [tbl_SysPermissionList] ([Id],[ClassId],[PermissionName],[SortId],[IsEnable]) VALUES ( 181,45,'栏目',0,'1')
INSERT [tbl_SysPermissionList] ([Id],[ClassId],[PermissionName],[SortId],[IsEnable]) VALUES ( 182,46,'栏目',0,'1')
INSERT [tbl_SysPermissionList] ([Id],[ClassId],[PermissionName],[SortId],[IsEnable]) VALUES ( 183,46,'新增制度',0,'1')
INSERT [tbl_SysPermissionList] ([Id],[ClassId],[PermissionName],[SortId],[IsEnable]) VALUES ( 184,46,'修改制度',0,'1')
INSERT [tbl_SysPermissionList] ([Id],[ClassId],[PermissionName],[SortId],[IsEnable]) VALUES ( 185,46,'删除制度',0,'1')
INSERT [tbl_SysPermissionList] ([Id],[ClassId],[PermissionName],[SortId],[IsEnable]) VALUES ( 186,47,'栏目',0,'1')
INSERT [tbl_SysPermissionList] ([Id],[ClassId],[PermissionName],[SortId],[IsEnable]) VALUES ( 187,47,'新增记录',0,'1')
INSERT [tbl_SysPermissionList] ([Id],[ClassId],[PermissionName],[SortId],[IsEnable]) VALUES ( 188,47,'修改记录',0,'1')
INSERT [tbl_SysPermissionList] ([Id],[ClassId],[PermissionName],[SortId],[IsEnable]) VALUES ( 189,47,'删除记录',0,'1')
INSERT [tbl_SysPermissionList] ([Id],[ClassId],[PermissionName],[SortId],[IsEnable]) VALUES ( 190,48,'栏目',0,'1')
INSERT [tbl_SysPermissionList] ([Id],[ClassId],[PermissionName],[SortId],[IsEnable]) VALUES ( 191,48,'新增合同',0,'1')
INSERT [tbl_SysPermissionList] ([Id],[ClassId],[PermissionName],[SortId],[IsEnable]) VALUES ( 192,48,'修改合同',0,'1')
INSERT [tbl_SysPermissionList] ([Id],[ClassId],[PermissionName],[SortId],[IsEnable]) VALUES ( 193,48,'删除合同',0,'1')
INSERT [tbl_SysPermissionList] ([Id],[ClassId],[PermissionName],[SortId],[IsEnable]) VALUES ( 194,49,'栏目',0,'1')
INSERT [tbl_SysPermissionList] ([Id],[ClassId],[PermissionName],[SortId],[IsEnable]) VALUES ( 195,49,'新增资产',0,'1')
INSERT [tbl_SysPermissionList] ([Id],[ClassId],[PermissionName],[SortId],[IsEnable]) VALUES ( 196,49,'修改资产',0,'1')
INSERT [tbl_SysPermissionList] ([Id],[ClassId],[PermissionName],[SortId],[IsEnable]) VALUES ( 197,49,'删除资产',0,'1')
INSERT [tbl_SysPermissionList] ([Id],[ClassId],[PermissionName],[SortId],[IsEnable]) VALUES ( 198,50,'栏目',0,'1')
INSERT [tbl_SysPermissionList] ([Id],[ClassId],[PermissionName],[SortId],[IsEnable]) VALUES ( 199,50,'新增计划',0,'1')
INSERT [tbl_SysPermissionList] ([Id],[ClassId],[PermissionName],[SortId],[IsEnable]) VALUES ( 200,50,'修改计划',0,'1')
INSERT [tbl_SysPermissionList] ([Id],[ClassId],[PermissionName],[SortId],[IsEnable]) VALUES ( 201,50,'删除计划',0,'1')
INSERT [tbl_SysPermissionList] ([Id],[ClassId],[PermissionName],[SortId],[IsEnable]) VALUES ( 202,51,'栏目',0,'1')
INSERT [tbl_SysPermissionList] ([Id],[ClassId],[PermissionName],[SortId],[IsEnable]) VALUES ( 203,52,'城市管理栏目',0,'1')
INSERT [tbl_SysPermissionList] ([Id],[ClassId],[PermissionName],[SortId],[IsEnable]) VALUES ( 204,52,'线路区域栏目',0,'1')
INSERT [tbl_SysPermissionList] ([Id],[ClassId],[PermissionName],[SortId],[IsEnable]) VALUES ( 205,52,'报价标准栏目',0,'1')
INSERT [tbl_SysPermissionList] ([Id],[ClassId],[PermissionName],[SortId],[IsEnable]) VALUES ( 206,52,'客户等级栏目',0,'1')
INSERT [tbl_SysPermissionList] ([Id],[ClassId],[PermissionName],[SortId],[IsEnable]) VALUES ( 207,52,'品牌管理栏目',0,'1')
INSERT [tbl_SysPermissionList] ([Id],[ClassId],[PermissionName],[SortId],[IsEnable]) VALUES ( 208,53,'部门设置栏目',0,'1')
INSERT [tbl_SysPermissionList] ([Id],[ClassId],[PermissionName],[SortId],[IsEnable]) VALUES ( 209,53,'部门人员栏目',0,'1')
INSERT [tbl_SysPermissionList] ([Id],[ClassId],[PermissionName],[SortId],[IsEnable]) VALUES ( 210,54,'角色管理栏目',0,'1')
INSERT [tbl_SysPermissionList] ([Id],[ClassId],[PermissionName],[SortId],[IsEnable]) VALUES ( 211,55,'公司信息栏目',0,'1')
INSERT [tbl_SysPermissionList] ([Id],[ClassId],[PermissionName],[SortId],[IsEnable]) VALUES ( 212,56,'信息管理栏目',0,'1')
INSERT [tbl_SysPermissionList] ([Id],[ClassId],[PermissionName],[SortId],[IsEnable]) VALUES ( 213,57,'系统设置栏目',0,'1')
INSERT [tbl_SysPermissionList] ([Id],[ClassId],[PermissionName],[SortId],[IsEnable]) VALUES ( 214,58,'系统日志栏目',0,'1')
INSERT [tbl_SysPermissionList] ([Id],[ClassId],[PermissionName],[SortId],[IsEnable]) VALUES ( 215,3,'新增',0,'1')
INSERT [tbl_SysPermissionList] ([Id],[ClassId],[PermissionName],[SortId],[IsEnable]) VALUES ( 216,3,'修改',0,'1')
INSERT [tbl_SysPermissionList] ([Id],[ClassId],[PermissionName],[SortId],[IsEnable]) VALUES ( 217,3,'删除',0,'1')
INSERT [tbl_SysPermissionList] ([Id],[ClassId],[PermissionName],[SortId],[IsEnable]) VALUES ( 218,21,'删除客户',0,'1')
INSERT [tbl_SysPermissionList] ([Id],[ClassId],[PermissionName],[SortId],[IsEnable]) VALUES ( 219,41,'补充现金',0,'1')
INSERT [tbl_SysPermissionList] ([Id],[ClassId],[PermissionName],[SortId],[IsEnable]) VALUES ( 220,59,'栏目',0,'1')
INSERT [tbl_SysPermissionList] ([Id],[ClassId],[PermissionName],[SortId],[IsEnable]) VALUES ( 221,59,'新增',0,'1')
INSERT [tbl_SysPermissionList] ([Id],[ClassId],[PermissionName],[SortId],[IsEnable]) VALUES ( 222,59,'修改',0,'1')
INSERT [tbl_SysPermissionList] ([Id],[ClassId],[PermissionName],[SortId],[IsEnable]) VALUES ( 223,59,'删除',0,'1')
INSERT [tbl_SysPermissionList] ([Id],[ClassId],[PermissionName],[SortId],[IsEnable]) VALUES ( 224,59,'生成计划',0,'1')
INSERT [tbl_SysPermissionList] ([Id],[ClassId],[PermissionName],[SortId],[IsEnable]) VALUES ( 225,60,'栏目',0,'1')
INSERT [tbl_SysPermissionList] ([Id],[ClassId],[PermissionName],[SortId],[IsEnable]) VALUES ( 226,61,'栏目',0,'1')
INSERT [tbl_SysPermissionList] ([Id],[ClassId],[PermissionName],[SortId],[IsEnable]) VALUES ( 227,62,'栏目',0,'1')
INSERT [tbl_SysPermissionList] ([Id],[ClassId],[PermissionName],[SortId],[IsEnable]) VALUES ( 228,63,'栏目',0,'1')
INSERT [tbl_SysPermissionList] ([Id],[ClassId],[PermissionName],[SortId],[IsEnable]) VALUES ( 229,64,'栏目',0,'1')
INSERT [tbl_SysPermissionList] ([Id],[ClassId],[PermissionName],[SortId],[IsEnable]) VALUES ( 230,65,'栏目',0,'1')
INSERT [tbl_SysPermissionList] ([Id],[ClassId],[PermissionName],[SortId],[IsEnable]) VALUES ( 231,66,'栏目',0,'1')
INSERT [tbl_SysPermissionList] ([Id],[ClassId],[PermissionName],[SortId],[IsEnable]) VALUES ( 232,66,'新增',0,'1')
INSERT [tbl_SysPermissionList] ([Id],[ClassId],[PermissionName],[SortId],[IsEnable]) VALUES ( 233,66,'修改',0,'1')
INSERT [tbl_SysPermissionList] ([Id],[ClassId],[PermissionName],[SortId],[IsEnable]) VALUES ( 234,66,'删除',0,'1')
INSERT [tbl_SysPermissionList] ([Id],[ClassId],[PermissionName],[SortId],[IsEnable]) VALUES ( 235,66,'导入',0,'1')
INSERT [tbl_SysPermissionList] ([Id],[ClassId],[PermissionName],[SortId],[IsEnable]) VALUES ( 236,66,'导出',0,'1')
GO

--省份
INSERT [tbl_SysProvince] ([ID],[CountryId],[HeaderLetter],[ProvinceName],[AreaId],[SortId]) VALUES ( 1,1,'A','安徽',3,0)
INSERT [tbl_SysProvince] ([ID],[CountryId],[HeaderLetter],[ProvinceName],[AreaId],[SortId]) VALUES ( 2,1,'A','澳门',6,0)
INSERT [tbl_SysProvince] ([ID],[CountryId],[HeaderLetter],[ProvinceName],[AreaId],[SortId]) VALUES ( 3,1,'B','北京',1,6)
INSERT [tbl_SysProvince] ([ID],[CountryId],[HeaderLetter],[ProvinceName],[AreaId],[SortId]) VALUES ( 4,1,'F','福建',3,0)
INSERT [tbl_SysProvince] ([ID],[CountryId],[HeaderLetter],[ProvinceName],[AreaId],[SortId]) VALUES ( 5,1,'G','甘肃',5,0)
INSERT [tbl_SysProvince] ([ID],[CountryId],[HeaderLetter],[ProvinceName],[AreaId],[SortId]) VALUES ( 6,1,'G','广东',4,1)
INSERT [tbl_SysProvince] ([ID],[CountryId],[HeaderLetter],[ProvinceName],[AreaId],[SortId]) VALUES ( 7,1,'G','广西',4,0)
INSERT [tbl_SysProvince] ([ID],[CountryId],[HeaderLetter],[ProvinceName],[AreaId],[SortId]) VALUES ( 8,1,'G','贵州',5,0)
INSERT [tbl_SysProvince] ([ID],[CountryId],[HeaderLetter],[ProvinceName],[AreaId],[SortId]) VALUES ( 9,1,'H','海南',4,0)
INSERT [tbl_SysProvince] ([ID],[CountryId],[HeaderLetter],[ProvinceName],[AreaId],[SortId]) VALUES ( 10,1,'H','河北',2,0)
INSERT [tbl_SysProvince] ([ID],[CountryId],[HeaderLetter],[ProvinceName],[AreaId],[SortId]) VALUES ( 11,1,'H','河南',4,0)
INSERT [tbl_SysProvince] ([ID],[CountryId],[HeaderLetter],[ProvinceName],[AreaId],[SortId]) VALUES ( 12,1,'H','黑龙江',2,0)
INSERT [tbl_SysProvince] ([ID],[CountryId],[HeaderLetter],[ProvinceName],[AreaId],[SortId]) VALUES ( 13,1,'H','湖北',4,0)
INSERT [tbl_SysProvince] ([ID],[CountryId],[HeaderLetter],[ProvinceName],[AreaId],[SortId]) VALUES ( 14,1,'H','湖南',4,0)
INSERT [tbl_SysProvince] ([ID],[CountryId],[HeaderLetter],[ProvinceName],[AreaId],[SortId]) VALUES ( 15,1,'J','吉林',2,0)
INSERT [tbl_SysProvince] ([ID],[CountryId],[HeaderLetter],[ProvinceName],[AreaId],[SortId]) VALUES ( 16,1,'J','江苏',3,0)
INSERT [tbl_SysProvince] ([ID],[CountryId],[HeaderLetter],[ProvinceName],[AreaId],[SortId]) VALUES ( 17,1,'J','江西',3,0)
INSERT [tbl_SysProvince] ([ID],[CountryId],[HeaderLetter],[ProvinceName],[AreaId],[SortId]) VALUES ( 18,1,'L','辽宁',2,0)
INSERT [tbl_SysProvince] ([ID],[CountryId],[HeaderLetter],[ProvinceName],[AreaId],[SortId]) VALUES ( 19,1,'N','内蒙古',2,0)
INSERT [tbl_SysProvince] ([ID],[CountryId],[HeaderLetter],[ProvinceName],[AreaId],[SortId]) VALUES ( 20,1,'N','宁夏',5,0)
INSERT [tbl_SysProvince] ([ID],[CountryId],[HeaderLetter],[ProvinceName],[AreaId],[SortId]) VALUES ( 21,1,'Q','青海',5,0)
INSERT [tbl_SysProvince] ([ID],[CountryId],[HeaderLetter],[ProvinceName],[AreaId],[SortId]) VALUES ( 22,1,'S','山东',3,2)
INSERT [tbl_SysProvince] ([ID],[CountryId],[HeaderLetter],[ProvinceName],[AreaId],[SortId]) VALUES ( 23,1,'S','山西',2,0)
INSERT [tbl_SysProvince] ([ID],[CountryId],[HeaderLetter],[ProvinceName],[AreaId],[SortId]) VALUES ( 24,1,'S','陕西',5,0)
INSERT [tbl_SysProvince] ([ID],[CountryId],[HeaderLetter],[ProvinceName],[AreaId],[SortId]) VALUES ( 25,1,'S','上海',1,4)
INSERT [tbl_SysProvince] ([ID],[CountryId],[HeaderLetter],[ProvinceName],[AreaId],[SortId]) VALUES ( 26,1,'S','四川',5,0)
INSERT [tbl_SysProvince] ([ID],[CountryId],[HeaderLetter],[ProvinceName],[AreaId],[SortId]) VALUES ( 27,1,'T','台湾',6,0)
INSERT [tbl_SysProvince] ([ID],[CountryId],[HeaderLetter],[ProvinceName],[AreaId],[SortId]) VALUES ( 28,1,'T','天津',1,0)
INSERT [tbl_SysProvince] ([ID],[CountryId],[HeaderLetter],[ProvinceName],[AreaId],[SortId]) VALUES ( 29,1,'X','西藏',5,0)
INSERT [tbl_SysProvince] ([ID],[CountryId],[HeaderLetter],[ProvinceName],[AreaId],[SortId]) VALUES ( 30,1,'X','香港',6,0)
INSERT [tbl_SysProvince] ([ID],[CountryId],[HeaderLetter],[ProvinceName],[AreaId],[SortId]) VALUES ( 31,1,'X','新疆',5,0)
INSERT [tbl_SysProvince] ([ID],[CountryId],[HeaderLetter],[ProvinceName],[AreaId],[SortId]) VALUES ( 32,1,'Y','云南',5,3)
INSERT [tbl_SysProvince] ([ID],[CountryId],[HeaderLetter],[ProvinceName],[AreaId],[SortId]) VALUES ( 33,1,'Z','浙江',3,5)
INSERT [tbl_SysProvince] ([ID],[CountryId],[HeaderLetter],[ProvinceName],[AreaId],[SortId]) VALUES ( 34,1,'C','重庆',1,0)
GO


--城市
INSERT [tbl_SysCity] ([ID],[ProvinceId],[CityName],[CenterCityId],[HeaderLetter]) VALUES ( 1,1,'安庆',8,'anqing')
INSERT [tbl_SysCity] ([ID],[ProvinceId],[CityName],[CenterCityId],[HeaderLetter]) VALUES ( 2,1,'蚌埠',8,'bangbu')
INSERT [tbl_SysCity] ([ID],[ProvinceId],[CityName],[CenterCityId],[HeaderLetter]) VALUES ( 3,1,'巢湖',8,'chaohu')
INSERT [tbl_SysCity] ([ID],[ProvinceId],[CityName],[CenterCityId],[HeaderLetter]) VALUES ( 4,1,'池州',8,'chizhou')
INSERT [tbl_SysCity] ([ID],[ProvinceId],[CityName],[CenterCityId],[HeaderLetter]) VALUES ( 5,1,'滁州',8,'chuzhou')
INSERT [tbl_SysCity] ([ID],[ProvinceId],[CityName],[CenterCityId],[HeaderLetter]) VALUES ( 6,1,'阜阳',8,'fuyang')
INSERT [tbl_SysCity] ([ID],[ProvinceId],[CityName],[CenterCityId],[HeaderLetter]) VALUES ( 7,1,'毫州',8,'haozhou')
INSERT [tbl_SysCity] ([ID],[ProvinceId],[CityName],[CenterCityId],[HeaderLetter]) VALUES ( 8,1,'合肥',8,'hefei')
INSERT [tbl_SysCity] ([ID],[ProvinceId],[CityName],[CenterCityId],[HeaderLetter]) VALUES ( 9,1,'淮北',8,'huaibei')
INSERT [tbl_SysCity] ([ID],[ProvinceId],[CityName],[CenterCityId],[HeaderLetter]) VALUES ( 10,1,'淮南',8,'huainan')
INSERT [tbl_SysCity] ([ID],[ProvinceId],[CityName],[CenterCityId],[HeaderLetter]) VALUES ( 11,1,'黄山',8,'huangshan')
INSERT [tbl_SysCity] ([ID],[ProvinceId],[CityName],[CenterCityId],[HeaderLetter]) VALUES ( 12,1,'六安',8,'liuan')
INSERT [tbl_SysCity] ([ID],[ProvinceId],[CityName],[CenterCityId],[HeaderLetter]) VALUES ( 13,1,'马鞍山',8,'maanshan')
INSERT [tbl_SysCity] ([ID],[ProvinceId],[CityName],[CenterCityId],[HeaderLetter]) VALUES ( 14,1,'宿州',8,'suzhou')
INSERT [tbl_SysCity] ([ID],[ProvinceId],[CityName],[CenterCityId],[HeaderLetter]) VALUES ( 15,1,'铜陵',8,'tongling')
INSERT [tbl_SysCity] ([ID],[ProvinceId],[CityName],[CenterCityId],[HeaderLetter]) VALUES ( 16,1,'芜湖',8,'wuhu')
INSERT [tbl_SysCity] ([ID],[ProvinceId],[CityName],[CenterCityId],[HeaderLetter]) VALUES ( 17,1,'宣城',8,'xuancheng')
INSERT [tbl_SysCity] ([ID],[ProvinceId],[CityName],[CenterCityId],[HeaderLetter]) VALUES ( 18,2,'澳门',18,'aomen')
INSERT [tbl_SysCity] ([ID],[ProvinceId],[CityName],[CenterCityId],[HeaderLetter]) VALUES ( 19,3,'北京',19,'beijing')
INSERT [tbl_SysCity] ([ID],[ProvinceId],[CityName],[CenterCityId],[HeaderLetter]) VALUES ( 20,4,'福州',20,'fuzhou')
INSERT [tbl_SysCity] ([ID],[ProvinceId],[CityName],[CenterCityId],[HeaderLetter]) VALUES ( 21,4,'龙岩',20,'longyan')
INSERT [tbl_SysCity] ([ID],[ProvinceId],[CityName],[CenterCityId],[HeaderLetter]) VALUES ( 22,4,'南平',20,'nanping')
INSERT [tbl_SysCity] ([ID],[ProvinceId],[CityName],[CenterCityId],[HeaderLetter]) VALUES ( 23,4,'宁德',20,'ningde')
INSERT [tbl_SysCity] ([ID],[ProvinceId],[CityName],[CenterCityId],[HeaderLetter]) VALUES ( 24,4,'莆田',20,'putian')
INSERT [tbl_SysCity] ([ID],[ProvinceId],[CityName],[CenterCityId],[HeaderLetter]) VALUES ( 25,4,'泉州',20,'quanzhou')
INSERT [tbl_SysCity] ([ID],[ProvinceId],[CityName],[CenterCityId],[HeaderLetter]) VALUES ( 26,4,'三明',20,'sanming')
INSERT [tbl_SysCity] ([ID],[ProvinceId],[CityName],[CenterCityId],[HeaderLetter]) VALUES ( 27,4,'武夷山',20,'wuyishan')
INSERT [tbl_SysCity] ([ID],[ProvinceId],[CityName],[CenterCityId],[HeaderLetter]) VALUES ( 28,4,'厦门',20,'xiamen')
INSERT [tbl_SysCity] ([ID],[ProvinceId],[CityName],[CenterCityId],[HeaderLetter]) VALUES ( 29,4,'漳州',20,'zhangzhou')
INSERT [tbl_SysCity] ([ID],[ProvinceId],[CityName],[CenterCityId],[HeaderLetter]) VALUES ( 30,5,'白银',37,'baiyin')
INSERT [tbl_SysCity] ([ID],[ProvinceId],[CityName],[CenterCityId],[HeaderLetter]) VALUES ( 31,5,'定西',37,'dingxi')
INSERT [tbl_SysCity] ([ID],[ProvinceId],[CityName],[CenterCityId],[HeaderLetter]) VALUES ( 32,5,'敦煌',37,'dunhuang')
INSERT [tbl_SysCity] ([ID],[ProvinceId],[CityName],[CenterCityId],[HeaderLetter]) VALUES ( 33,5,'甘南',37,'gannan')
INSERT [tbl_SysCity] ([ID],[ProvinceId],[CityName],[CenterCityId],[HeaderLetter]) VALUES ( 34,5,'嘉峪关',37,'jiayuguan')
INSERT [tbl_SysCity] ([ID],[ProvinceId],[CityName],[CenterCityId],[HeaderLetter]) VALUES ( 35,5,'金昌',37,'jinchang')
INSERT [tbl_SysCity] ([ID],[ProvinceId],[CityName],[CenterCityId],[HeaderLetter]) VALUES ( 36,5,'酒泉',37,'jiuquan')
INSERT [tbl_SysCity] ([ID],[ProvinceId],[CityName],[CenterCityId],[HeaderLetter]) VALUES ( 37,5,'兰州',37,'lanzhou')
INSERT [tbl_SysCity] ([ID],[ProvinceId],[CityName],[CenterCityId],[HeaderLetter]) VALUES ( 38,5,'临夏',37,'linxia')
INSERT [tbl_SysCity] ([ID],[ProvinceId],[CityName],[CenterCityId],[HeaderLetter]) VALUES ( 39,5,'陇南',37,'longnan')
INSERT [tbl_SysCity] ([ID],[ProvinceId],[CityName],[CenterCityId],[HeaderLetter]) VALUES ( 40,5,'平凉',37,'pingliang')
INSERT [tbl_SysCity] ([ID],[ProvinceId],[CityName],[CenterCityId],[HeaderLetter]) VALUES ( 41,5,'庆阳',37,'qingyang')
INSERT [tbl_SysCity] ([ID],[ProvinceId],[CityName],[CenterCityId],[HeaderLetter]) VALUES ( 42,5,'天水',37,'tianshui')
INSERT [tbl_SysCity] ([ID],[ProvinceId],[CityName],[CenterCityId],[HeaderLetter]) VALUES ( 43,5,'武威',37,'wuwei')
INSERT [tbl_SysCity] ([ID],[ProvinceId],[CityName],[CenterCityId],[HeaderLetter]) VALUES ( 44,5,'张掖',37,'zhangye')
INSERT [tbl_SysCity] ([ID],[ProvinceId],[CityName],[CenterCityId],[HeaderLetter]) VALUES ( 45,6,'潮州',48,'chaozhou')
INSERT [tbl_SysCity] ([ID],[ProvinceId],[CityName],[CenterCityId],[HeaderLetter]) VALUES ( 46,6,'东莞',48,'dongwan')
INSERT [tbl_SysCity] ([ID],[ProvinceId],[CityName],[CenterCityId],[HeaderLetter]) VALUES ( 47,6,'佛山',48,'foshan')
INSERT [tbl_SysCity] ([ID],[ProvinceId],[CityName],[CenterCityId],[HeaderLetter]) VALUES ( 48,6,'广州',48,'guangzhou')
INSERT [tbl_SysCity] ([ID],[ProvinceId],[CityName],[CenterCityId],[HeaderLetter]) VALUES ( 49,6,'河源',48,'heyuan')
INSERT [tbl_SysCity] ([ID],[ProvinceId],[CityName],[CenterCityId],[HeaderLetter]) VALUES ( 50,6,'惠州',48,'huizhou')
INSERT [tbl_SysCity] ([ID],[ProvinceId],[CityName],[CenterCityId],[HeaderLetter]) VALUES ( 51,6,'江门',48,'jiangmen')
INSERT [tbl_SysCity] ([ID],[ProvinceId],[CityName],[CenterCityId],[HeaderLetter]) VALUES ( 52,6,'揭阳',48,'jieyang')
INSERT [tbl_SysCity] ([ID],[ProvinceId],[CityName],[CenterCityId],[HeaderLetter]) VALUES ( 53,6,'茂名',48,'maoming')
INSERT [tbl_SysCity] ([ID],[ProvinceId],[CityName],[CenterCityId],[HeaderLetter]) VALUES ( 54,6,'梅州',48,'meizhou')
INSERT [tbl_SysCity] ([ID],[ProvinceId],[CityName],[CenterCityId],[HeaderLetter]) VALUES ( 55,6,'清远',48,'qingyuan')
INSERT [tbl_SysCity] ([ID],[ProvinceId],[CityName],[CenterCityId],[HeaderLetter]) VALUES ( 56,6,'汕头',48,'shantou')
INSERT [tbl_SysCity] ([ID],[ProvinceId],[CityName],[CenterCityId],[HeaderLetter]) VALUES ( 57,6,'汕尾',48,'shanwei')
INSERT [tbl_SysCity] ([ID],[ProvinceId],[CityName],[CenterCityId],[HeaderLetter]) VALUES ( 58,6,'韶关',48,'shaoguan')
INSERT [tbl_SysCity] ([ID],[ProvinceId],[CityName],[CenterCityId],[HeaderLetter]) VALUES ( 59,6,'深圳',48,'shenzhen')
INSERT [tbl_SysCity] ([ID],[ProvinceId],[CityName],[CenterCityId],[HeaderLetter]) VALUES ( 60,6,'阳江',48,'yangjiang')
INSERT [tbl_SysCity] ([ID],[ProvinceId],[CityName],[CenterCityId],[HeaderLetter]) VALUES ( 61,6,'云浮',48,'yunfu')
INSERT [tbl_SysCity] ([ID],[ProvinceId],[CityName],[CenterCityId],[HeaderLetter]) VALUES ( 62,6,'湛江',48,'zhanjiang')
INSERT [tbl_SysCity] ([ID],[ProvinceId],[CityName],[CenterCityId],[HeaderLetter]) VALUES ( 63,6,'肇庆',48,'zhaoqing')
INSERT [tbl_SysCity] ([ID],[ProvinceId],[CityName],[CenterCityId],[HeaderLetter]) VALUES ( 64,6,'中山',48,'zhongshan')
INSERT [tbl_SysCity] ([ID],[ProvinceId],[CityName],[CenterCityId],[HeaderLetter]) VALUES ( 65,6,'珠海',48,'zhuhai')
INSERT [tbl_SysCity] ([ID],[ProvinceId],[CityName],[CenterCityId],[HeaderLetter]) VALUES ( 66,7,'百色',76,'baise')
INSERT [tbl_SysCity] ([ID],[ProvinceId],[CityName],[CenterCityId],[HeaderLetter]) VALUES ( 67,7,'北海',76,'beihai')
INSERT [tbl_SysCity] ([ID],[ProvinceId],[CityName],[CenterCityId],[HeaderLetter]) VALUES ( 68,7,'崇左',76,'chongzuo')
INSERT [tbl_SysCity] ([ID],[ProvinceId],[CityName],[CenterCityId],[HeaderLetter]) VALUES ( 69,7,'防城港',76,'fangchenggang')
INSERT [tbl_SysCity] ([ID],[ProvinceId],[CityName],[CenterCityId],[HeaderLetter]) VALUES ( 70,7,'贵港',76,'guigang')
INSERT [tbl_SysCity] ([ID],[ProvinceId],[CityName],[CenterCityId],[HeaderLetter]) VALUES ( 71,7,'桂林',76,'guilin')
INSERT [tbl_SysCity] ([ID],[ProvinceId],[CityName],[CenterCityId],[HeaderLetter]) VALUES ( 72,7,'河池',76,'hechi')
INSERT [tbl_SysCity] ([ID],[ProvinceId],[CityName],[CenterCityId],[HeaderLetter]) VALUES ( 73,7,'贺州',76,'hezhou')
INSERT [tbl_SysCity] ([ID],[ProvinceId],[CityName],[CenterCityId],[HeaderLetter]) VALUES ( 74,7,'来宾',76,'laibin')
INSERT [tbl_SysCity] ([ID],[ProvinceId],[CityName],[CenterCityId],[HeaderLetter]) VALUES ( 75,7,'柳州',76,'liuzhou')
INSERT [tbl_SysCity] ([ID],[ProvinceId],[CityName],[CenterCityId],[HeaderLetter]) VALUES ( 76,7,'南宁',76,'nanning')
INSERT [tbl_SysCity] ([ID],[ProvinceId],[CityName],[CenterCityId],[HeaderLetter]) VALUES ( 77,7,'钦州',76,'qinzhou')
INSERT [tbl_SysCity] ([ID],[ProvinceId],[CityName],[CenterCityId],[HeaderLetter]) VALUES ( 78,7,'梧州',76,'wuzhou')
INSERT [tbl_SysCity] ([ID],[ProvinceId],[CityName],[CenterCityId],[HeaderLetter]) VALUES ( 79,7,'玉林',76,'yulin')
INSERT [tbl_SysCity] ([ID],[ProvinceId],[CityName],[CenterCityId],[HeaderLetter]) VALUES ( 80,8,'安顺',82,'anshun')
INSERT [tbl_SysCity] ([ID],[ProvinceId],[CityName],[CenterCityId],[HeaderLetter]) VALUES ( 81,8,'毕节',82,'bijie')
INSERT [tbl_SysCity] ([ID],[ProvinceId],[CityName],[CenterCityId],[HeaderLetter]) VALUES ( 82,8,'贵阳',82,'guiyang')
INSERT [tbl_SysCity] ([ID],[ProvinceId],[CityName],[CenterCityId],[HeaderLetter]) VALUES ( 83,8,'六盘水',82,'liupanshui')
INSERT [tbl_SysCity] ([ID],[ProvinceId],[CityName],[CenterCityId],[HeaderLetter]) VALUES ( 84,8,'黔东',82,'qiandong')
INSERT [tbl_SysCity] ([ID],[ProvinceId],[CityName],[CenterCityId],[HeaderLetter]) VALUES ( 85,8,'黔南',82,'qiannan')
INSERT [tbl_SysCity] ([ID],[ProvinceId],[CityName],[CenterCityId],[HeaderLetter]) VALUES ( 86,8,'黔西',82,'qianxi')
INSERT [tbl_SysCity] ([ID],[ProvinceId],[CityName],[CenterCityId],[HeaderLetter]) VALUES ( 87,8,'铜仁',82,'tongren')
INSERT [tbl_SysCity] ([ID],[ProvinceId],[CityName],[CenterCityId],[HeaderLetter]) VALUES ( 88,8,'遵义',82,'zunyi')
INSERT [tbl_SysCity] ([ID],[ProvinceId],[CityName],[CenterCityId],[HeaderLetter]) VALUES ( 89,9,'白沙',96,'baisha')
INSERT [tbl_SysCity] ([ID],[ProvinceId],[CityName],[CenterCityId],[HeaderLetter]) VALUES ( 90,9,'保亭',96,'baoting')
INSERT [tbl_SysCity] ([ID],[ProvinceId],[CityName],[CenterCityId],[HeaderLetter]) VALUES ( 91,9,'昌江',96,'changjiang')
INSERT [tbl_SysCity] ([ID],[ProvinceId],[CityName],[CenterCityId],[HeaderLetter]) VALUES ( 92,9,'澄迈',96,'chengmai')
INSERT [tbl_SysCity] ([ID],[ProvinceId],[CityName],[CenterCityId],[HeaderLetter]) VALUES ( 93,9,'儋州',96,'danzhou')
INSERT [tbl_SysCity] ([ID],[ProvinceId],[CityName],[CenterCityId],[HeaderLetter]) VALUES ( 94,9,'定安',96,'dingan')
INSERT [tbl_SysCity] ([ID],[ProvinceId],[CityName],[CenterCityId],[HeaderLetter]) VALUES ( 95,9,'东方',96,'dongfang')
INSERT [tbl_SysCity] ([ID],[ProvinceId],[CityName],[CenterCityId],[HeaderLetter]) VALUES ( 96,9,'海口',96,'haikou')
INSERT [tbl_SysCity] ([ID],[ProvinceId],[CityName],[CenterCityId],[HeaderLetter]) VALUES ( 97,9,'乐东',96,'ledong')
INSERT [tbl_SysCity] ([ID],[ProvinceId],[CityName],[CenterCityId],[HeaderLetter]) VALUES ( 98,9,'临高',96,'lingao')
INSERT [tbl_SysCity] ([ID],[ProvinceId],[CityName],[CenterCityId],[HeaderLetter]) VALUES ( 99,9,'陵水',96,'lingshui')
INSERT [tbl_SysCity] ([ID],[ProvinceId],[CityName],[CenterCityId],[HeaderLetter]) VALUES ( 100,9,'琼海',96,'qionghai')
INSERT [tbl_SysCity] ([ID],[ProvinceId],[CityName],[CenterCityId],[HeaderLetter]) VALUES ( 101,9,'琼中',96,'qiongzhong')
INSERT [tbl_SysCity] ([ID],[ProvinceId],[CityName],[CenterCityId],[HeaderLetter]) VALUES ( 102,9,'三亚',96,'sanya')
INSERT [tbl_SysCity] ([ID],[ProvinceId],[CityName],[CenterCityId],[HeaderLetter]) VALUES ( 103,9,'屯昌',96,'tunchang')
INSERT [tbl_SysCity] ([ID],[ProvinceId],[CityName],[CenterCityId],[HeaderLetter]) VALUES ( 104,9,'万宁',96,'wanning')
INSERT [tbl_SysCity] ([ID],[ProvinceId],[CityName],[CenterCityId],[HeaderLetter]) VALUES ( 105,9,'文昌',96,'wenchang')
INSERT [tbl_SysCity] ([ID],[ProvinceId],[CityName],[CenterCityId],[HeaderLetter]) VALUES ( 106,9,'五指山',96,'wuzhishan')
INSERT [tbl_SysCity] ([ID],[ProvinceId],[CityName],[CenterCityId],[HeaderLetter]) VALUES ( 107,10,'保定',114,'baoding')
INSERT [tbl_SysCity] ([ID],[ProvinceId],[CityName],[CenterCityId],[HeaderLetter]) VALUES ( 108,10,'沧州',114,'cangzhou')
INSERT [tbl_SysCity] ([ID],[ProvinceId],[CityName],[CenterCityId],[HeaderLetter]) VALUES ( 109,10,'承德',114,'chengde')
INSERT [tbl_SysCity] ([ID],[ProvinceId],[CityName],[CenterCityId],[HeaderLetter]) VALUES ( 110,10,'邯郸',114,'handan')
INSERT [tbl_SysCity] ([ID],[ProvinceId],[CityName],[CenterCityId],[HeaderLetter]) VALUES ( 111,10,'衡水',114,'hengshui')
INSERT [tbl_SysCity] ([ID],[ProvinceId],[CityName],[CenterCityId],[HeaderLetter]) VALUES ( 112,10,'廊坊',114,'langfang')
INSERT [tbl_SysCity] ([ID],[ProvinceId],[CityName],[CenterCityId],[HeaderLetter]) VALUES ( 113,10,'秦皇岛',114,'qinhuangdao')
INSERT [tbl_SysCity] ([ID],[ProvinceId],[CityName],[CenterCityId],[HeaderLetter]) VALUES ( 114,10,'石家庄',114,'shijiazhuang')
INSERT [tbl_SysCity] ([ID],[ProvinceId],[CityName],[CenterCityId],[HeaderLetter]) VALUES ( 115,10,'唐山',114,'tangshan')
INSERT [tbl_SysCity] ([ID],[ProvinceId],[CityName],[CenterCityId],[HeaderLetter]) VALUES ( 116,10,'邢台',114,'xingtai')
INSERT [tbl_SysCity] ([ID],[ProvinceId],[CityName],[CenterCityId],[HeaderLetter]) VALUES ( 117,10,'张家口',114,'zhangjiakou')
INSERT [tbl_SysCity] ([ID],[ProvinceId],[CityName],[CenterCityId],[HeaderLetter]) VALUES ( 118,11,'安阳',123,'anyang')
INSERT [tbl_SysCity] ([ID],[ProvinceId],[CityName],[CenterCityId],[HeaderLetter]) VALUES ( 119,11,'鹤壁',123,'hebi')
INSERT [tbl_SysCity] ([ID],[ProvinceId],[CityName],[CenterCityId],[HeaderLetter]) VALUES ( 120,11,'济源',123,'jiyuan')
INSERT [tbl_SysCity] ([ID],[ProvinceId],[CityName],[CenterCityId],[HeaderLetter]) VALUES ( 121,11,'焦作',123,'jiaozuo')
INSERT [tbl_SysCity] ([ID],[ProvinceId],[CityName],[CenterCityId],[HeaderLetter]) VALUES ( 122,11,'开封',123,'kaifeng')
INSERT [tbl_SysCity] ([ID],[ProvinceId],[CityName],[CenterCityId],[HeaderLetter]) VALUES ( 123,11,'洛阳',123,'luoyang')
INSERT [tbl_SysCity] ([ID],[ProvinceId],[CityName],[CenterCityId],[HeaderLetter]) VALUES ( 124,11,'漯河',123,'luohe')
INSERT [tbl_SysCity] ([ID],[ProvinceId],[CityName],[CenterCityId],[HeaderLetter]) VALUES ( 125,11,'南阳',123,'nanyang')
INSERT [tbl_SysCity] ([ID],[ProvinceId],[CityName],[CenterCityId],[HeaderLetter]) VALUES ( 126,11,'平顶山',123,'pingdingshan')
INSERT [tbl_SysCity] ([ID],[ProvinceId],[CityName],[CenterCityId],[HeaderLetter]) VALUES ( 127,11,'濮阳',123,'puyang')
INSERT [tbl_SysCity] ([ID],[ProvinceId],[CityName],[CenterCityId],[HeaderLetter]) VALUES ( 128,11,'三门峡',123,'sanmenxia')
INSERT [tbl_SysCity] ([ID],[ProvinceId],[CityName],[CenterCityId],[HeaderLetter]) VALUES ( 129,11,'商丘',123,'shangqiu')
INSERT [tbl_SysCity] ([ID],[ProvinceId],[CityName],[CenterCityId],[HeaderLetter]) VALUES ( 130,11,'新乡',123,'xinxiang')
INSERT [tbl_SysCity] ([ID],[ProvinceId],[CityName],[CenterCityId],[HeaderLetter]) VALUES ( 131,11,'信阳',123,'xinyang')
INSERT [tbl_SysCity] ([ID],[ProvinceId],[CityName],[CenterCityId],[HeaderLetter]) VALUES ( 132,11,'许昌',123,'xuchang')
INSERT [tbl_SysCity] ([ID],[ProvinceId],[CityName],[CenterCityId],[HeaderLetter]) VALUES ( 133,11,'郑州',123,'zhengzhou')
INSERT [tbl_SysCity] ([ID],[ProvinceId],[CityName],[CenterCityId],[HeaderLetter]) VALUES ( 134,11,'周口',123,'zhoukou')
INSERT [tbl_SysCity] ([ID],[ProvinceId],[CityName],[CenterCityId],[HeaderLetter]) VALUES ( 135,11,'驻马店',123,'zhumadian')
INSERT [tbl_SysCity] ([ID],[ProvinceId],[CityName],[CenterCityId],[HeaderLetter]) VALUES ( 136,12,'大庆',138,'daqing')
INSERT [tbl_SysCity] ([ID],[ProvinceId],[CityName],[CenterCityId],[HeaderLetter]) VALUES ( 137,12,'大兴安岭',138,'daxinganling')
INSERT [tbl_SysCity] ([ID],[ProvinceId],[CityName],[CenterCityId],[HeaderLetter]) VALUES ( 138,12,'哈尔滨',138,'haerbin')
INSERT [tbl_SysCity] ([ID],[ProvinceId],[CityName],[CenterCityId],[HeaderLetter]) VALUES ( 139,12,'鹤岗',138,'hegang')
INSERT [tbl_SysCity] ([ID],[ProvinceId],[CityName],[CenterCityId],[HeaderLetter]) VALUES ( 140,12,'黑河',138,'heihe')
INSERT [tbl_SysCity] ([ID],[ProvinceId],[CityName],[CenterCityId],[HeaderLetter]) VALUES ( 141,12,'鸡西',138,'jixi')
INSERT [tbl_SysCity] ([ID],[ProvinceId],[CityName],[CenterCityId],[HeaderLetter]) VALUES ( 142,12,'佳木斯',138,'jiamusi')
INSERT [tbl_SysCity] ([ID],[ProvinceId],[CityName],[CenterCityId],[HeaderLetter]) VALUES ( 143,12,'牡丹江',138,'mudanjiang')
INSERT [tbl_SysCity] ([ID],[ProvinceId],[CityName],[CenterCityId],[HeaderLetter]) VALUES ( 144,12,'七台河',138,'qitaihe')
INSERT [tbl_SysCity] ([ID],[ProvinceId],[CityName],[CenterCityId],[HeaderLetter]) VALUES ( 145,12,'齐齐哈尔',138,'qiqihaer')
INSERT [tbl_SysCity] ([ID],[ProvinceId],[CityName],[CenterCityId],[HeaderLetter]) VALUES ( 146,12,'双鸭山',138,'shuangyashan')
INSERT [tbl_SysCity] ([ID],[ProvinceId],[CityName],[CenterCityId],[HeaderLetter]) VALUES ( 147,12,'绥化',138,'suihua')
INSERT [tbl_SysCity] ([ID],[ProvinceId],[CityName],[CenterCityId],[HeaderLetter]) VALUES ( 148,12,'伊春',138,'yichun')
INSERT [tbl_SysCity] ([ID],[ProvinceId],[CityName],[CenterCityId],[HeaderLetter]) VALUES ( 149,13,'鄂州',160,'ezhou')
INSERT [tbl_SysCity] ([ID],[ProvinceId],[CityName],[CenterCityId],[HeaderLetter]) VALUES ( 150,13,'恩施',160,'enshi')
INSERT [tbl_SysCity] ([ID],[ProvinceId],[CityName],[CenterCityId],[HeaderLetter]) VALUES ( 151,13,'黄冈',160,'huanggang')
INSERT [tbl_SysCity] ([ID],[ProvinceId],[CityName],[CenterCityId],[HeaderLetter]) VALUES ( 152,13,'黄石',160,'huangshi')
INSERT [tbl_SysCity] ([ID],[ProvinceId],[CityName],[CenterCityId],[HeaderLetter]) VALUES ( 153,13,'荆门',160,'jingmen')
INSERT [tbl_SysCity] ([ID],[ProvinceId],[CityName],[CenterCityId],[HeaderLetter]) VALUES ( 154,13,'荆州',160,'jingzhou')
INSERT [tbl_SysCity] ([ID],[ProvinceId],[CityName],[CenterCityId],[HeaderLetter]) VALUES ( 155,13,'潜江',160,'qianjiang')
INSERT [tbl_SysCity] ([ID],[ProvinceId],[CityName],[CenterCityId],[HeaderLetter]) VALUES ( 156,13,'神农架',160,'shennongjia')
INSERT [tbl_SysCity] ([ID],[ProvinceId],[CityName],[CenterCityId],[HeaderLetter]) VALUES ( 157,13,'十堰',160,'shiyan')
INSERT [tbl_SysCity] ([ID],[ProvinceId],[CityName],[CenterCityId],[HeaderLetter]) VALUES ( 158,13,'随州',160,'suizhou')
INSERT [tbl_SysCity] ([ID],[ProvinceId],[CityName],[CenterCityId],[HeaderLetter]) VALUES ( 159,13,'天门',160,'tianmen')
INSERT [tbl_SysCity] ([ID],[ProvinceId],[CityName],[CenterCityId],[HeaderLetter]) VALUES ( 160,13,'武汉',160,'wuhan')
INSERT [tbl_SysCity] ([ID],[ProvinceId],[CityName],[CenterCityId],[HeaderLetter]) VALUES ( 161,13,'仙桃',160,'xiantao')
INSERT [tbl_SysCity] ([ID],[ProvinceId],[CityName],[CenterCityId],[HeaderLetter]) VALUES ( 162,13,'咸宁',160,'xianning')
INSERT [tbl_SysCity] ([ID],[ProvinceId],[CityName],[CenterCityId],[HeaderLetter]) VALUES ( 163,13,'襄樊',160,'xiangfan')
INSERT [tbl_SysCity] ([ID],[ProvinceId],[CityName],[CenterCityId],[HeaderLetter]) VALUES ( 164,13,'孝感',160,'xiaogan')
INSERT [tbl_SysCity] ([ID],[ProvinceId],[CityName],[CenterCityId],[HeaderLetter]) VALUES ( 165,13,'宜昌',160,'yichang')
INSERT [tbl_SysCity] ([ID],[ProvinceId],[CityName],[CenterCityId],[HeaderLetter]) VALUES ( 166,14,'长沙',166,'changsha')
INSERT [tbl_SysCity] ([ID],[ProvinceId],[CityName],[CenterCityId],[HeaderLetter]) VALUES ( 167,14,'常德',166,'changde')
INSERT [tbl_SysCity] ([ID],[ProvinceId],[CityName],[CenterCityId],[HeaderLetter]) VALUES ( 168,14,'郴州',166,'chenzhou')
INSERT [tbl_SysCity] ([ID],[ProvinceId],[CityName],[CenterCityId],[HeaderLetter]) VALUES ( 169,14,'衡阳',166,'hengyang')
INSERT [tbl_SysCity] ([ID],[ProvinceId],[CityName],[CenterCityId],[HeaderLetter]) VALUES ( 170,14,'怀化',166,'huaihua')
INSERT [tbl_SysCity] ([ID],[ProvinceId],[CityName],[CenterCityId],[HeaderLetter]) VALUES ( 171,14,'娄底',166,'loudi')
INSERT [tbl_SysCity] ([ID],[ProvinceId],[CityName],[CenterCityId],[HeaderLetter]) VALUES ( 172,14,'邵阳',166,'shaoyang')
INSERT [tbl_SysCity] ([ID],[ProvinceId],[CityName],[CenterCityId],[HeaderLetter]) VALUES ( 173,14,'湘潭',166,'xiangtan')
INSERT [tbl_SysCity] ([ID],[ProvinceId],[CityName],[CenterCityId],[HeaderLetter]) VALUES ( 174,14,'湘西',166,'xiangxi')
INSERT [tbl_SysCity] ([ID],[ProvinceId],[CityName],[CenterCityId],[HeaderLetter]) VALUES ( 175,14,'益阳',166,'yiyang')
INSERT [tbl_SysCity] ([ID],[ProvinceId],[CityName],[CenterCityId],[HeaderLetter]) VALUES ( 176,14,'永州',166,'yongzhou')
INSERT [tbl_SysCity] ([ID],[ProvinceId],[CityName],[CenterCityId],[HeaderLetter]) VALUES ( 177,14,'岳阳',166,'yueyang')
INSERT [tbl_SysCity] ([ID],[ProvinceId],[CityName],[CenterCityId],[HeaderLetter]) VALUES ( 178,14,'张家界',166,'zhangjiajie')
INSERT [tbl_SysCity] ([ID],[ProvinceId],[CityName],[CenterCityId],[HeaderLetter]) VALUES ( 179,14,'株州',166,'zhuzhou')
INSERT [tbl_SysCity] ([ID],[ProvinceId],[CityName],[CenterCityId],[HeaderLetter]) VALUES ( 180,15,'白城',182,'baicheng')
INSERT [tbl_SysCity] ([ID],[ProvinceId],[CityName],[CenterCityId],[HeaderLetter]) VALUES ( 181,15,'白山',182,'baishan')
INSERT [tbl_SysCity] ([ID],[ProvinceId],[CityName],[CenterCityId],[HeaderLetter]) VALUES ( 182,15,'长春',182,'changchun')
INSERT [tbl_SysCity] ([ID],[ProvinceId],[CityName],[CenterCityId],[HeaderLetter]) VALUES ( 183,15,'吉林',182,'jilin')
INSERT [tbl_SysCity] ([ID],[ProvinceId],[CityName],[CenterCityId],[HeaderLetter]) VALUES ( 184,15,'辽源',182,'liaoyuan')
INSERT [tbl_SysCity] ([ID],[ProvinceId],[CityName],[CenterCityId],[HeaderLetter]) VALUES ( 185,15,'四平',182,'siping')
INSERT [tbl_SysCity] ([ID],[ProvinceId],[CityName],[CenterCityId],[HeaderLetter]) VALUES ( 186,15,'松原',182,'songyuan')
INSERT [tbl_SysCity] ([ID],[ProvinceId],[CityName],[CenterCityId],[HeaderLetter]) VALUES ( 187,15,'通化',182,'tonghua')
INSERT [tbl_SysCity] ([ID],[ProvinceId],[CityName],[CenterCityId],[HeaderLetter]) VALUES ( 188,15,'延边',182,'yanbian')
INSERT [tbl_SysCity] ([ID],[ProvinceId],[CityName],[CenterCityId],[HeaderLetter]) VALUES ( 189,16,'常州',192,'changzhou')
INSERT [tbl_SysCity] ([ID],[ProvinceId],[CityName],[CenterCityId],[HeaderLetter]) VALUES ( 190,16,'淮安',192,'huaian')
INSERT [tbl_SysCity] ([ID],[ProvinceId],[CityName],[CenterCityId],[HeaderLetter]) VALUES ( 191,16,'连云港',192,'lianyungang')
INSERT [tbl_SysCity] ([ID],[ProvinceId],[CityName],[CenterCityId],[HeaderLetter]) VALUES ( 192,16,'南京',192,'nanjing')
INSERT [tbl_SysCity] ([ID],[ProvinceId],[CityName],[CenterCityId],[HeaderLetter]) VALUES ( 193,16,'南通',192,'nantong')
INSERT [tbl_SysCity] ([ID],[ProvinceId],[CityName],[CenterCityId],[HeaderLetter]) VALUES ( 194,16,'苏州',192,'suzhou')
INSERT [tbl_SysCity] ([ID],[ProvinceId],[CityName],[CenterCityId],[HeaderLetter]) VALUES ( 195,16,'宿迁',192,'suqian')
INSERT [tbl_SysCity] ([ID],[ProvinceId],[CityName],[CenterCityId],[HeaderLetter]) VALUES ( 196,16,'泰州',192,'taizhou')
INSERT [tbl_SysCity] ([ID],[ProvinceId],[CityName],[CenterCityId],[HeaderLetter]) VALUES ( 197,16,'无锡',192,'wuxi')
INSERT [tbl_SysCity] ([ID],[ProvinceId],[CityName],[CenterCityId],[HeaderLetter]) VALUES ( 198,16,'徐州',192,'xuzhou')
INSERT [tbl_SysCity] ([ID],[ProvinceId],[CityName],[CenterCityId],[HeaderLetter]) VALUES ( 199,16,'盐城',192,'yancheng')
INSERT [tbl_SysCity] ([ID],[ProvinceId],[CityName],[CenterCityId],[HeaderLetter]) VALUES ( 200,16,'扬州',192,'yangzhou')
INSERT [tbl_SysCity] ([ID],[ProvinceId],[CityName],[CenterCityId],[HeaderLetter]) VALUES ( 201,16,'镇江',192,'zhenjiang')
INSERT [tbl_SysCity] ([ID],[ProvinceId],[CityName],[CenterCityId],[HeaderLetter]) VALUES ( 202,17,'抚州',207,'fuzhou')
INSERT [tbl_SysCity] ([ID],[ProvinceId],[CityName],[CenterCityId],[HeaderLetter]) VALUES ( 203,17,'赣州',207,'ganzhou')
INSERT [tbl_SysCity] ([ID],[ProvinceId],[CityName],[CenterCityId],[HeaderLetter]) VALUES ( 204,17,'吉安',207,'jian')
INSERT [tbl_SysCity] ([ID],[ProvinceId],[CityName],[CenterCityId],[HeaderLetter]) VALUES ( 205,17,'景德镇',207,'jingdezhen')
INSERT [tbl_SysCity] ([ID],[ProvinceId],[CityName],[CenterCityId],[HeaderLetter]) VALUES ( 206,17,'九江',207,'jiujiang')
INSERT [tbl_SysCity] ([ID],[ProvinceId],[CityName],[CenterCityId],[HeaderLetter]) VALUES ( 207,17,'南昌',207,'nanchang')
INSERT [tbl_SysCity] ([ID],[ProvinceId],[CityName],[CenterCityId],[HeaderLetter]) VALUES ( 208,17,'萍乡',207,'pingxiang')
INSERT [tbl_SysCity] ([ID],[ProvinceId],[CityName],[CenterCityId],[HeaderLetter]) VALUES ( 209,17,'上饶',207,'shangrao')
INSERT [tbl_SysCity] ([ID],[ProvinceId],[CityName],[CenterCityId],[HeaderLetter]) VALUES ( 210,17,'婺源',207,'wuyuan')
INSERT [tbl_SysCity] ([ID],[ProvinceId],[CityName],[CenterCityId],[HeaderLetter]) VALUES ( 211,17,'新余',207,'xinyu')
INSERT [tbl_SysCity] ([ID],[ProvinceId],[CityName],[CenterCityId],[HeaderLetter]) VALUES ( 212,17,'宜春',207,'yichun')
INSERT [tbl_SysCity] ([ID],[ProvinceId],[CityName],[CenterCityId],[HeaderLetter]) VALUES ( 213,17,'鹰潭',207,'yingtan')
INSERT [tbl_SysCity] ([ID],[ProvinceId],[CityName],[CenterCityId],[HeaderLetter]) VALUES ( 214,18,'鞍山',217,'anshan')
INSERT [tbl_SysCity] ([ID],[ProvinceId],[CityName],[CenterCityId],[HeaderLetter]) VALUES ( 215,18,'本溪',217,'benxi')
INSERT [tbl_SysCity] ([ID],[ProvinceId],[CityName],[CenterCityId],[HeaderLetter]) VALUES ( 216,18,'朝阳',217,'chaoyang')
INSERT [tbl_SysCity] ([ID],[ProvinceId],[CityName],[CenterCityId],[HeaderLetter]) VALUES ( 217,18,'大连',217,'dalian')
INSERT [tbl_SysCity] ([ID],[ProvinceId],[CityName],[CenterCityId],[HeaderLetter]) VALUES ( 218,18,'丹东',217,'dandong')
INSERT [tbl_SysCity] ([ID],[ProvinceId],[CityName],[CenterCityId],[HeaderLetter]) VALUES ( 219,18,'抚顺',217,'fushun')
INSERT [tbl_SysCity] ([ID],[ProvinceId],[CityName],[CenterCityId],[HeaderLetter]) VALUES ( 220,18,'阜新',217,'fuxin')
INSERT [tbl_SysCity] ([ID],[ProvinceId],[CityName],[CenterCityId],[HeaderLetter]) VALUES ( 221,18,'葫芦岛',217,'huludao')
INSERT [tbl_SysCity] ([ID],[ProvinceId],[CityName],[CenterCityId],[HeaderLetter]) VALUES ( 222,18,'锦州',217,'jinzhou')
INSERT [tbl_SysCity] ([ID],[ProvinceId],[CityName],[CenterCityId],[HeaderLetter]) VALUES ( 223,18,'辽阳',217,'liaoyang')
INSERT [tbl_SysCity] ([ID],[ProvinceId],[CityName],[CenterCityId],[HeaderLetter]) VALUES ( 224,18,'盘锦',217,'panjin')
INSERT [tbl_SysCity] ([ID],[ProvinceId],[CityName],[CenterCityId],[HeaderLetter]) VALUES ( 225,18,'沈阳',217,'shenyang')
INSERT [tbl_SysCity] ([ID],[ProvinceId],[CityName],[CenterCityId],[HeaderLetter]) VALUES ( 226,18,'铁岭',217,'tieling')
INSERT [tbl_SysCity] ([ID],[ProvinceId],[CityName],[CenterCityId],[HeaderLetter]) VALUES ( 227,18,'营口',217,'yingkou')
INSERT [tbl_SysCity] ([ID],[ProvinceId],[CityName],[CenterCityId],[HeaderLetter]) VALUES ( 228,19,'阿拉善盟',233,'alashanmeng')
INSERT [tbl_SysCity] ([ID],[ProvinceId],[CityName],[CenterCityId],[HeaderLetter]) VALUES ( 229,19,'巴彦淖尔盟',233,'bayannaoermeng')
INSERT [tbl_SysCity] ([ID],[ProvinceId],[CityName],[CenterCityId],[HeaderLetter]) VALUES ( 230,19,'包头',233,'baotou')
INSERT [tbl_SysCity] ([ID],[ProvinceId],[CityName],[CenterCityId],[HeaderLetter]) VALUES ( 231,19,'赤峰',233,'chifeng')
INSERT [tbl_SysCity] ([ID],[ProvinceId],[CityName],[CenterCityId],[HeaderLetter]) VALUES ( 232,19,'鄂尔多斯',233,'eerduosi')
INSERT [tbl_SysCity] ([ID],[ProvinceId],[CityName],[CenterCityId],[HeaderLetter]) VALUES ( 233,19,'呼和浩特',233,'huhehaote')
INSERT [tbl_SysCity] ([ID],[ProvinceId],[CityName],[CenterCityId],[HeaderLetter]) VALUES ( 234,19,'呼伦贝尔',233,'hulunbeier')
INSERT [tbl_SysCity] ([ID],[ProvinceId],[CityName],[CenterCityId],[HeaderLetter]) VALUES ( 235,19,'通辽',233,'tongliao')
INSERT [tbl_SysCity] ([ID],[ProvinceId],[CityName],[CenterCityId],[HeaderLetter]) VALUES ( 236,19,'乌海',233,'wuhai')
INSERT [tbl_SysCity] ([ID],[ProvinceId],[CityName],[CenterCityId],[HeaderLetter]) VALUES ( 237,19,'乌兰察布盟',233,'wulanchabumeng')
INSERT [tbl_SysCity] ([ID],[ProvinceId],[CityName],[CenterCityId],[HeaderLetter]) VALUES ( 238,19,'锡林郭勒盟',233,'xilinguolemeng')
INSERT [tbl_SysCity] ([ID],[ProvinceId],[CityName],[CenterCityId],[HeaderLetter]) VALUES ( 239,19,'兴安盟',233,'xinganmeng')
INSERT [tbl_SysCity] ([ID],[ProvinceId],[CityName],[CenterCityId],[HeaderLetter]) VALUES ( 240,20,'固原',243,'guyuan')
INSERT [tbl_SysCity] ([ID],[ProvinceId],[CityName],[CenterCityId],[HeaderLetter]) VALUES ( 241,20,'石嘴山',243,'shizuishan')
INSERT [tbl_SysCity] ([ID],[ProvinceId],[CityName],[CenterCityId],[HeaderLetter]) VALUES ( 242,20,'吴忠',243,'wuzhong')
INSERT [tbl_SysCity] ([ID],[ProvinceId],[CityName],[CenterCityId],[HeaderLetter]) VALUES ( 243,20,'银川',243,'yinchuan')
INSERT [tbl_SysCity] ([ID],[ProvinceId],[CityName],[CenterCityId],[HeaderLetter]) VALUES ( 244,21,'格尔木',248,'geermu')
INSERT [tbl_SysCity] ([ID],[ProvinceId],[CityName],[CenterCityId],[HeaderLetter]) VALUES ( 245,21,'果洛',248,'guoluo')
INSERT [tbl_SysCity] ([ID],[ProvinceId],[CityName],[CenterCityId],[HeaderLetter]) VALUES ( 246,21,'海北',248,'haibei')
INSERT [tbl_SysCity] ([ID],[ProvinceId],[CityName],[CenterCityId],[HeaderLetter]) VALUES ( 247,21,'海东',248,'haidong')
INSERT [tbl_SysCity] ([ID],[ProvinceId],[CityName],[CenterCityId],[HeaderLetter]) VALUES ( 248,21,'海南',248,'hainan')
INSERT [tbl_SysCity] ([ID],[ProvinceId],[CityName],[CenterCityId],[HeaderLetter]) VALUES ( 249,21,'海西',248,'haixi')
INSERT [tbl_SysCity] ([ID],[ProvinceId],[CityName],[CenterCityId],[HeaderLetter]) VALUES ( 250,21,'黄南',248,'huangnan')
INSERT [tbl_SysCity] ([ID],[ProvinceId],[CityName],[CenterCityId],[HeaderLetter]) VALUES ( 251,21,'西宁',248,'xining')
INSERT [tbl_SysCity] ([ID],[ProvinceId],[CityName],[CenterCityId],[HeaderLetter]) VALUES ( 252,21,'玉树',248,'yushu')
INSERT [tbl_SysCity] ([ID],[ProvinceId],[CityName],[CenterCityId],[HeaderLetter]) VALUES ( 253,22,'滨州',257,'binzhou')
INSERT [tbl_SysCity] ([ID],[ProvinceId],[CityName],[CenterCityId],[HeaderLetter]) VALUES ( 254,22,'德州',257,'dezhou')
INSERT [tbl_SysCity] ([ID],[ProvinceId],[CityName],[CenterCityId],[HeaderLetter]) VALUES ( 255,22,'东营',257,'dongying')
INSERT [tbl_SysCity] ([ID],[ProvinceId],[CityName],[CenterCityId],[HeaderLetter]) VALUES ( 256,22,'菏泽',257,'heze')
INSERT [tbl_SysCity] ([ID],[ProvinceId],[CityName],[CenterCityId],[HeaderLetter]) VALUES ( 257,22,'济南',257,'jinan')
INSERT [tbl_SysCity] ([ID],[ProvinceId],[CityName],[CenterCityId],[HeaderLetter]) VALUES ( 258,22,'济宁',257,'jining')
INSERT [tbl_SysCity] ([ID],[ProvinceId],[CityName],[CenterCityId],[HeaderLetter]) VALUES ( 259,22,'莱芜',257,'laiwu')
INSERT [tbl_SysCity] ([ID],[ProvinceId],[CityName],[CenterCityId],[HeaderLetter]) VALUES ( 260,22,'聊城',257,'liaocheng')
INSERT [tbl_SysCity] ([ID],[ProvinceId],[CityName],[CenterCityId],[HeaderLetter]) VALUES ( 261,22,'临沂',257,'linyi')
INSERT [tbl_SysCity] ([ID],[ProvinceId],[CityName],[CenterCityId],[HeaderLetter]) VALUES ( 262,22,'青岛',257,'qingdao')
INSERT [tbl_SysCity] ([ID],[ProvinceId],[CityName],[CenterCityId],[HeaderLetter]) VALUES ( 263,22,'日照',257,'rizhao')
INSERT [tbl_SysCity] ([ID],[ProvinceId],[CityName],[CenterCityId],[HeaderLetter]) VALUES ( 264,22,'泰安',257,'taian')
INSERT [tbl_SysCity] ([ID],[ProvinceId],[CityName],[CenterCityId],[HeaderLetter]) VALUES ( 266,22,'威海',257,'weihai')
INSERT [tbl_SysCity] ([ID],[ProvinceId],[CityName],[CenterCityId],[HeaderLetter]) VALUES ( 267,22,'潍坊',257,'weifang')
INSERT [tbl_SysCity] ([ID],[ProvinceId],[CityName],[CenterCityId],[HeaderLetter]) VALUES ( 268,22,'烟台',257,'yantai')
INSERT [tbl_SysCity] ([ID],[ProvinceId],[CityName],[CenterCityId],[HeaderLetter]) VALUES ( 269,22,'枣庄',257,'zaozhuang')
INSERT [tbl_SysCity] ([ID],[ProvinceId],[CityName],[CenterCityId],[HeaderLetter]) VALUES ( 270,22,'淄博',257,'zibo')
INSERT [tbl_SysCity] ([ID],[ProvinceId],[CityName],[CenterCityId],[HeaderLetter]) VALUES ( 271,23,'长治',278,'changzhi')
INSERT [tbl_SysCity] ([ID],[ProvinceId],[CityName],[CenterCityId],[HeaderLetter]) VALUES ( 272,23,'大同',278,'datong')
INSERT [tbl_SysCity] ([ID],[ProvinceId],[CityName],[CenterCityId],[HeaderLetter]) VALUES ( 273,23,'晋城',278,'jincheng')
INSERT [tbl_SysCity] ([ID],[ProvinceId],[CityName],[CenterCityId],[HeaderLetter]) VALUES ( 274,23,'晋中',278,'jinzhong')
INSERT [tbl_SysCity] ([ID],[ProvinceId],[CityName],[CenterCityId],[HeaderLetter]) VALUES ( 275,23,'临汾',278,'linfen')
INSERT [tbl_SysCity] ([ID],[ProvinceId],[CityName],[CenterCityId],[HeaderLetter]) VALUES ( 276,23,'吕梁',278,'lvliang')
INSERT [tbl_SysCity] ([ID],[ProvinceId],[CityName],[CenterCityId],[HeaderLetter]) VALUES ( 277,23,'朔州',278,'shuozhou')
INSERT [tbl_SysCity] ([ID],[ProvinceId],[CityName],[CenterCityId],[HeaderLetter]) VALUES ( 278,23,'太原',278,'taiyuan')
INSERT [tbl_SysCity] ([ID],[ProvinceId],[CityName],[CenterCityId],[HeaderLetter]) VALUES ( 279,23,'忻州',278,'xinzhou')
INSERT [tbl_SysCity] ([ID],[ProvinceId],[CityName],[CenterCityId],[HeaderLetter]) VALUES ( 280,23,'阳泉',278,'yangquan')
INSERT [tbl_SysCity] ([ID],[ProvinceId],[CityName],[CenterCityId],[HeaderLetter]) VALUES ( 281,23,'运城',278,'yuncheng')
INSERT [tbl_SysCity] ([ID],[ProvinceId],[CityName],[CenterCityId],[HeaderLetter]) VALUES ( 282,24,'安康',288,'ankang')
INSERT [tbl_SysCity] ([ID],[ProvinceId],[CityName],[CenterCityId],[HeaderLetter]) VALUES ( 283,24,'宝鸡',288,'baoji')
INSERT [tbl_SysCity] ([ID],[ProvinceId],[CityName],[CenterCityId],[HeaderLetter]) VALUES ( 284,24,'汉中',288,'hanzhong')
INSERT [tbl_SysCity] ([ID],[ProvinceId],[CityName],[CenterCityId],[HeaderLetter]) VALUES ( 285,24,'商洛',288,'shangluo')
INSERT [tbl_SysCity] ([ID],[ProvinceId],[CityName],[CenterCityId],[HeaderLetter]) VALUES ( 286,24,'铜川',288,'tongchuan')
INSERT [tbl_SysCity] ([ID],[ProvinceId],[CityName],[CenterCityId],[HeaderLetter]) VALUES ( 287,24,'渭南',288,'weinan')
INSERT [tbl_SysCity] ([ID],[ProvinceId],[CityName],[CenterCityId],[HeaderLetter]) VALUES ( 288,24,'西安',288,'xian')
INSERT [tbl_SysCity] ([ID],[ProvinceId],[CityName],[CenterCityId],[HeaderLetter]) VALUES ( 289,24,'咸阳',288,'xianyang')
INSERT [tbl_SysCity] ([ID],[ProvinceId],[CityName],[CenterCityId],[HeaderLetter]) VALUES ( 290,24,'延安',288,'yanan')
INSERT [tbl_SysCity] ([ID],[ProvinceId],[CityName],[CenterCityId],[HeaderLetter]) VALUES ( 291,24,'榆林',288,'yulin')
INSERT [tbl_SysCity] ([ID],[ProvinceId],[CityName],[CenterCityId],[HeaderLetter]) VALUES ( 292,25,'上海',292,'shanghai')
INSERT [tbl_SysCity] ([ID],[ProvinceId],[CityName],[CenterCityId],[HeaderLetter]) VALUES ( 293,26,'阿坝',295,'aba')
INSERT [tbl_SysCity] ([ID],[ProvinceId],[CityName],[CenterCityId],[HeaderLetter]) VALUES ( 294,26,'巴中',295,'bazhong')
INSERT [tbl_SysCity] ([ID],[ProvinceId],[CityName],[CenterCityId],[HeaderLetter]) VALUES ( 295,26,'成都',295,'chengdou')
INSERT [tbl_SysCity] ([ID],[ProvinceId],[CityName],[CenterCityId],[HeaderLetter]) VALUES ( 296,26,'达州',295,'dazhou')
INSERT [tbl_SysCity] ([ID],[ProvinceId],[CityName],[CenterCityId],[HeaderLetter]) VALUES ( 297,26,'德阳',295,'deyang')
INSERT [tbl_SysCity] ([ID],[ProvinceId],[CityName],[CenterCityId],[HeaderLetter]) VALUES ( 298,26,'甘孜',295,'ganzi')
INSERT [tbl_SysCity] ([ID],[ProvinceId],[CityName],[CenterCityId],[HeaderLetter]) VALUES ( 299,26,'广安',295,'guangan')
INSERT [tbl_SysCity] ([ID],[ProvinceId],[CityName],[CenterCityId],[HeaderLetter]) VALUES ( 300,26,'广元',295,'guangyuan')
INSERT [tbl_SysCity] ([ID],[ProvinceId],[CityName],[CenterCityId],[HeaderLetter]) VALUES ( 301,26,'乐山',295,'leshan')
INSERT [tbl_SysCity] ([ID],[ProvinceId],[CityName],[CenterCityId],[HeaderLetter]) VALUES ( 302,26,'凉山',295,'liangshan')
INSERT [tbl_SysCity] ([ID],[ProvinceId],[CityName],[CenterCityId],[HeaderLetter]) VALUES ( 303,26,'泸州',295,'luzhou')
INSERT [tbl_SysCity] ([ID],[ProvinceId],[CityName],[CenterCityId],[HeaderLetter]) VALUES ( 304,26,'眉山',295,'meishan')
INSERT [tbl_SysCity] ([ID],[ProvinceId],[CityName],[CenterCityId],[HeaderLetter]) VALUES ( 305,26,'绵阳',295,'mianyang')
INSERT [tbl_SysCity] ([ID],[ProvinceId],[CityName],[CenterCityId],[HeaderLetter]) VALUES ( 306,26,'内江',295,'najiang')
INSERT [tbl_SysCity] ([ID],[ProvinceId],[CityName],[CenterCityId],[HeaderLetter]) VALUES ( 307,26,'南充',295,'nanchong')
INSERT [tbl_SysCity] ([ID],[ProvinceId],[CityName],[CenterCityId],[HeaderLetter]) VALUES ( 308,26,'攀枝花',295,'panzhihua')
INSERT [tbl_SysCity] ([ID],[ProvinceId],[CityName],[CenterCityId],[HeaderLetter]) VALUES ( 309,26,'遂宁',295,'suining')
INSERT [tbl_SysCity] ([ID],[ProvinceId],[CityName],[CenterCityId],[HeaderLetter]) VALUES ( 310,26,'雅安',295,'yaan')
INSERT [tbl_SysCity] ([ID],[ProvinceId],[CityName],[CenterCityId],[HeaderLetter]) VALUES ( 311,26,'宜宾',295,'yibin')
INSERT [tbl_SysCity] ([ID],[ProvinceId],[CityName],[CenterCityId],[HeaderLetter]) VALUES ( 312,26,'资阳',295,'ziyang')
INSERT [tbl_SysCity] ([ID],[ProvinceId],[CityName],[CenterCityId],[HeaderLetter]) VALUES ( 313,26,'自贡',295,'zigong')
INSERT [tbl_SysCity] ([ID],[ProvinceId],[CityName],[CenterCityId],[HeaderLetter]) VALUES ( 314,27,'高雄',317,'gaoxiong')
INSERT [tbl_SysCity] ([ID],[ProvinceId],[CityName],[CenterCityId],[HeaderLetter]) VALUES ( 315,27,'基隆',317,'jilong')
INSERT [tbl_SysCity] ([ID],[ProvinceId],[CityName],[CenterCityId],[HeaderLetter]) VALUES ( 316,27,'嘉义',317,'jiayi')
INSERT [tbl_SysCity] ([ID],[ProvinceId],[CityName],[CenterCityId],[HeaderLetter]) VALUES ( 317,27,'台北',317,'taibei')
INSERT [tbl_SysCity] ([ID],[ProvinceId],[CityName],[CenterCityId],[HeaderLetter]) VALUES ( 318,27,'台南',317,'tainan')
INSERT [tbl_SysCity] ([ID],[ProvinceId],[CityName],[CenterCityId],[HeaderLetter]) VALUES ( 319,27,'台中',317,'taizhong')
INSERT [tbl_SysCity] ([ID],[ProvinceId],[CityName],[CenterCityId],[HeaderLetter]) VALUES ( 320,27,'新竹',317,'xinzhu')
INSERT [tbl_SysCity] ([ID],[ProvinceId],[CityName],[CenterCityId],[HeaderLetter]) VALUES ( 321,28,'天津',321,'tianjin')
INSERT [tbl_SysCity] ([ID],[ProvinceId],[CityName],[CenterCityId],[HeaderLetter]) VALUES ( 322,29,'阿里',324,'ali')
INSERT [tbl_SysCity] ([ID],[ProvinceId],[CityName],[CenterCityId],[HeaderLetter]) VALUES ( 323,29,'昌都',324,'changdou')
INSERT [tbl_SysCity] ([ID],[ProvinceId],[CityName],[CenterCityId],[HeaderLetter]) VALUES ( 324,29,'拉萨',324,'lasa')
INSERT [tbl_SysCity] ([ID],[ProvinceId],[CityName],[CenterCityId],[HeaderLetter]) VALUES ( 325,29,'林芝',324,'linzhi')
INSERT [tbl_SysCity] ([ID],[ProvinceId],[CityName],[CenterCityId],[HeaderLetter]) VALUES ( 326,29,'那曲',324,'naqu')
INSERT [tbl_SysCity] ([ID],[ProvinceId],[CityName],[CenterCityId],[HeaderLetter]) VALUES ( 327,29,'日喀则',324,'rikaze')
INSERT [tbl_SysCity] ([ID],[ProvinceId],[CityName],[CenterCityId],[HeaderLetter]) VALUES ( 328,29,'山南',324,'shannan')
INSERT [tbl_SysCity] ([ID],[ProvinceId],[CityName],[CenterCityId],[HeaderLetter]) VALUES ( 329,30,'香港',329,'xianggang')
INSERT [tbl_SysCity] ([ID],[ProvinceId],[CityName],[CenterCityId],[HeaderLetter]) VALUES ( 330,31,'阿克苏',343,'akesu')
INSERT [tbl_SysCity] ([ID],[ProvinceId],[CityName],[CenterCityId],[HeaderLetter]) VALUES ( 331,31,'阿拉尔',343,'alaer')
INSERT [tbl_SysCity] ([ID],[ProvinceId],[CityName],[CenterCityId],[HeaderLetter]) VALUES ( 332,31,'巴音郭楞',343,'bayinguoleng')
INSERT [tbl_SysCity] ([ID],[ProvinceId],[CityName],[CenterCityId],[HeaderLetter]) VALUES ( 333,31,'博尔塔拉',343,'boertala')
INSERT [tbl_SysCity] ([ID],[ProvinceId],[CityName],[CenterCityId],[HeaderLetter]) VALUES ( 334,31,'昌吉',343,'changji')
INSERT [tbl_SysCity] ([ID],[ProvinceId],[CityName],[CenterCityId],[HeaderLetter]) VALUES ( 335,31,'哈密',343,'hami')
INSERT [tbl_SysCity] ([ID],[ProvinceId],[CityName],[CenterCityId],[HeaderLetter]) VALUES ( 336,31,'和田',343,'hetian')
INSERT [tbl_SysCity] ([ID],[ProvinceId],[CityName],[CenterCityId],[HeaderLetter]) VALUES ( 337,31,'喀什',343,'kashi')
INSERT [tbl_SysCity] ([ID],[ProvinceId],[CityName],[CenterCityId],[HeaderLetter]) VALUES ( 338,31,'克拉玛依',343,'kelamayi')
INSERT [tbl_SysCity] ([ID],[ProvinceId],[CityName],[CenterCityId],[HeaderLetter]) VALUES ( 339,31,'克孜勒',343,'kezile')
INSERT [tbl_SysCity] ([ID],[ProvinceId],[CityName],[CenterCityId],[HeaderLetter]) VALUES ( 340,31,'石河子',343,'shihezi')
INSERT [tbl_SysCity] ([ID],[ProvinceId],[CityName],[CenterCityId],[HeaderLetter]) VALUES ( 341,31,'图木舒克',343,'tumushuke')
INSERT [tbl_SysCity] ([ID],[ProvinceId],[CityName],[CenterCityId],[HeaderLetter]) VALUES ( 342,31,'吐鲁番',343,'tulufan')
INSERT [tbl_SysCity] ([ID],[ProvinceId],[CityName],[CenterCityId],[HeaderLetter]) VALUES ( 343,31,'乌鲁木齐',343,'wulumuqi')
INSERT [tbl_SysCity] ([ID],[ProvinceId],[CityName],[CenterCityId],[HeaderLetter]) VALUES ( 344,31,'五家渠',343,'wujiaqu')
INSERT [tbl_SysCity] ([ID],[ProvinceId],[CityName],[CenterCityId],[HeaderLetter]) VALUES ( 345,31,'伊犁',343,'yili')
INSERT [tbl_SysCity] ([ID],[ProvinceId],[CityName],[CenterCityId],[HeaderLetter]) VALUES ( 346,32,'保山',352,'baoshan')
INSERT [tbl_SysCity] ([ID],[ProvinceId],[CityName],[CenterCityId],[HeaderLetter]) VALUES ( 347,32,'楚雄',352,'chuxiong')
INSERT [tbl_SysCity] ([ID],[ProvinceId],[CityName],[CenterCityId],[HeaderLetter]) VALUES ( 348,32,'大理',352,'dali')
INSERT [tbl_SysCity] ([ID],[ProvinceId],[CityName],[CenterCityId],[HeaderLetter]) VALUES ( 349,32,'德宏',352,'dehong')
INSERT [tbl_SysCity] ([ID],[ProvinceId],[CityName],[CenterCityId],[HeaderLetter]) VALUES ( 350,32,'迪庆',352,'diqing')
INSERT [tbl_SysCity] ([ID],[ProvinceId],[CityName],[CenterCityId],[HeaderLetter]) VALUES ( 351,32,'红河',352,'honghe')
INSERT [tbl_SysCity] ([ID],[ProvinceId],[CityName],[CenterCityId],[HeaderLetter]) VALUES ( 352,32,'昆明',352,'kunming')
INSERT [tbl_SysCity] ([ID],[ProvinceId],[CityName],[CenterCityId],[HeaderLetter]) VALUES ( 353,32,'丽江',352,'lijiang')
INSERT [tbl_SysCity] ([ID],[ProvinceId],[CityName],[CenterCityId],[HeaderLetter]) VALUES ( 354,32,'临沧',352,'lincang')
INSERT [tbl_SysCity] ([ID],[ProvinceId],[CityName],[CenterCityId],[HeaderLetter]) VALUES ( 355,32,'怒江',352,'nujiang')
INSERT [tbl_SysCity] ([ID],[ProvinceId],[CityName],[CenterCityId],[HeaderLetter]) VALUES ( 356,32,'曲靖',352,'qujing')
INSERT [tbl_SysCity] ([ID],[ProvinceId],[CityName],[CenterCityId],[HeaderLetter]) VALUES ( 357,32,'思茅',352,'simao')
INSERT [tbl_SysCity] ([ID],[ProvinceId],[CityName],[CenterCityId],[HeaderLetter]) VALUES ( 358,32,'文山',352,'wenshan')
INSERT [tbl_SysCity] ([ID],[ProvinceId],[CityName],[CenterCityId],[HeaderLetter]) VALUES ( 359,32,'西双版纳',352,'xishuangbanna')
INSERT [tbl_SysCity] ([ID],[ProvinceId],[CityName],[CenterCityId],[HeaderLetter]) VALUES ( 360,32,'玉溪',352,'yuxi')
INSERT [tbl_SysCity] ([ID],[ProvinceId],[CityName],[CenterCityId],[HeaderLetter]) VALUES ( 361,32,'昭通',352,'zhaotong')
INSERT [tbl_SysCity] ([ID],[ProvinceId],[CityName],[CenterCityId],[HeaderLetter]) VALUES ( 362,33,'杭州',362,'hangzhou')
INSERT [tbl_SysCity] ([ID],[ProvinceId],[CityName],[CenterCityId],[HeaderLetter]) VALUES ( 363,33,'湖州',362,'huzhou')
INSERT [tbl_SysCity] ([ID],[ProvinceId],[CityName],[CenterCityId],[HeaderLetter]) VALUES ( 364,33,'嘉兴',362,'jiaxing')
INSERT [tbl_SysCity] ([ID],[ProvinceId],[CityName],[CenterCityId],[HeaderLetter]) VALUES ( 365,33,'金华',362,'jinhua')
INSERT [tbl_SysCity] ([ID],[ProvinceId],[CityName],[CenterCityId],[HeaderLetter]) VALUES ( 366,33,'丽水',362,'lishui')
INSERT [tbl_SysCity] ([ID],[ProvinceId],[CityName],[CenterCityId],[HeaderLetter]) VALUES ( 367,33,'宁波',362,'ningbo')
INSERT [tbl_SysCity] ([ID],[ProvinceId],[CityName],[CenterCityId],[HeaderLetter]) VALUES ( 368,33,'衢州',362,'quzhou')
INSERT [tbl_SysCity] ([ID],[ProvinceId],[CityName],[CenterCityId],[HeaderLetter]) VALUES ( 369,33,'绍兴',362,'shaoxing')
INSERT [tbl_SysCity] ([ID],[ProvinceId],[CityName],[CenterCityId],[HeaderLetter]) VALUES ( 370,33,'台州',362,'taizhou')
INSERT [tbl_SysCity] ([ID],[ProvinceId],[CityName],[CenterCityId],[HeaderLetter]) VALUES ( 371,33,'温州',362,'wenzhou')
INSERT [tbl_SysCity] ([ID],[ProvinceId],[CityName],[CenterCityId],[HeaderLetter]) VALUES ( 372,33,'舟山',362,'zhoushan')
INSERT [tbl_SysCity] ([ID],[ProvinceId],[CityName],[CenterCityId],[HeaderLetter]) VALUES ( 373,34,'重庆',373,'chongqing')
GO























--开通系统
SET IDENTITY_INSERT [tbl_Sys] ON
DECLARE @SysId INT
DECLARE @SysName NVARCHAR(255)
SET @SysId=1
SET @SysName='芭比来'
INSERT [tbl_Sys] ([SysId],[SysName],[Module],[Part],[Permission],[CreateTime]) VALUES ( @SysId,@SysName,'1,2,3,4,5,6,7,8,9,10,11,12,13,14','1,2,3,4,5,6,7,8,9,10,11,12,13,14,15,16,17,18,19,20,21,22,23,24,25,26,27,28,29,30,31,32,33,34,35,36,37,38,39,40,41,42,43,44,45,46,47,48,49,50,51,52,53,54,55,56,57,58','1,2,3,4,5,6,7,8,9,10,11,12,13,14,15,16,17,18,19,20,21,22,23,24,25,26,27,28,29,30,31,32,33,34,35,36,37,38,39,40,41,42,43,44,45,46,47,48,49,50,51,52,53,54,55,56,57,58,59,60,61,62,63,64,65,66,67,68,69,70,71,72,73,74,75,76,77,78,79,80,81,82,83,84,85,86,87,88,89,90,91,92,93,94,95,96,97,98,99,100,101,102,103,104,106,107,108,110,111,112,113,114,115,116,117,118,119,120,121,122,123,124,125,126,127,128,129,131,132,133,134,135,136,137,138,139,140,141,142,143,144,145,146,147,148,149,150,151,152,153,154,155,156,157,158,159,160,161,162,163,164,165,166,167,168,169,170,171,172,173,174,175,176,177,178,179,180,181,182,183,184,185,186,187,188,189,190,191,192,193,194,195,196,197,198,199,200,201,202,203,204,205,206,207,208,209,210,211,212,213,214',GETDATE())
SET IDENTITY_INSERT [tbl_Sys] OFF
GO

--系统域名
DECLARE @SysId INT
DECLARE @Domain NVARCHAR(255)
DECLARE @Url NVARCHAR(255)
SET @SysId=1
SET @Domain='localhost'
SET @Url=NULL

INSERT [tbl_SysDomain] ([SysId],[Domain],[Url]) VALUES ( @SysId,@Domain,@Url)
GO

--写入公司信息
SET IDENTITY_INSERT [tbl_CompanyInfo] ON
DEClARE @SysId INT
DECLARE @CompanyId INT
DECLARE @CompanyName NVARCHAR(255)
SET @CompanyId=1
SET @CompanyName='芭比来'
SET @SysId=1
INSERT [tbl_CompanyInfo] ([Id],[CompanyName],[CompanyType],[CompanyEnglishName],[License],[ContactName],[ContactTel],[ContactMobile],[ContactFax],[CompanyAddress],[CompanyZip],[CompanySiteUrl],[SystemId],[IssueTime]) 
VALUES ( @CompanyId,@CompanyName,'','','LIC0001','','0571','138','0571','0571','2','www.baidu.com',@SysId,'2011-1-23 14:53:49')
SET IDENTITY_INSERT [tbl_CompanyInfo] OFF
GO

--写入角色信息
SET IDENTITY_INSERT [tbl_SysRoleManage] ON
DECLARE @RoleId INT
DECLARE @CompanyId INT
SET @RoleId=1
SET @CompanyId=1
INSERT [tbl_SysRoleManage]([Id],[RoleName],[RoleChilds],[CompanyId],[IsDelete]) VALUES 
( @RoleId,'管理员','1,2,3,4,5,6,7,8,9,10,11,12,13,14,15,16,17,18,19,20,21,22,23,24,25,26,27,28,29,30,31,32,33,34,35,36,37,38,39,40,41,42,43,44,45,46,47,48,49,50,51,52,53,54,55,56,57,58,59,60,61,62,63,64,65,66,67,68,69,70,71,72,73,74,75,76,77,78,79,80,81,82,83,84,85,86,87,88,89,90,91,92,93,94,95,96,97,98,99,100,101,102,103,104,106,107,108,110,111,112,113,114,115,116,117,118,119,120,121,122,123,124,125,126,127,128,129,131,132,133,134,135,136,137,138,139,140,141,142,143,144,145,146,147,148,149,150,151,152,153,154,155,156,157,158,159,160,161,162,163,164,165,166,167,168,169,170,171,172,173,174,175,176,177,178,179,180,181,182,183,184,185,186,187,188,189,190,191,192,193,194,195,196,197,198,199,200,201,202,203,204,205,206,207,208,209,210,211,212,213,214',@CompanyId,'0')
SET IDENTITY_INSERT [tbl_SysRoleManage] OFF
GO

--写入部门信息
SET IDENTITY_INSERT [tbl_CompanyDepartment] ON
DECLARE @DepartmentId INT
DECLARE @DepartmentName NVARCHAR(255)
DECLARE @DepartManger INT
DECLARE @CompanyId INT
SET @DepartmentId=1
SET @DepartmentName='总部'
SET @DepartManger =0
SET @CompanyId=1
INSERT [tbl_CompanyDepartment] ([Id],[DepartName],[PrevDepartId],[DepartManger],[ContactTel],[ContactFax],[PageHeadFile],[PageFootFile],[TemplateFile],[DepartStamp],[Remark],[CompanyId],[OperatorId],[IssueTime],[IsDelete]) 
VALUES ( @DepartmentId,@DepartmentName,0,@DepartManger,'0571','0571','','','','','',@CompanyId,0,'2011-1-24 11:25:51','0')
SET IDENTITY_INSERT [tbl_CompanyDepartment] OFF
GO



--写入用户信息
SET IDENTITY_INSERT [tbl_CompanyUser] ON
DECLARE @UserId INT
DECLARE @CompanyId INT
DECLARE @DepartmentId INT
DECLARE @DepartmentName NVARCHAR(255)
DECLARE @RoleId INT
SET @UserId=1
SET @CompanyId=1
SET @DepartmentId=1
SET @DepartmentName='总部'
SET @RoleId=1
INSERT [tbl_CompanyUser] ([Id],[CompanyId],[TourCompanyId],[UserName],[Password],[MD5Password],[UserType],[ContactName],[ContactSex],[ContactTel],[ContactFax],[ContactMobile],[ContactEmail],[QQ],[MSN],[LastLoginIP],[LastLoginTime],[RoleID],[PermissionList],[IsDelete],[IsEnable],[IsAdmin],[IssueTime],[DepartName],[DepartId],[SuperviseDepartId],[SuperviseDepartName]) 
VALUES ( @UserId,@CompanyId,0,'admin','admin1','e00cf25ad42683b3df678c61f42c6bda',2,'管理员','1','0571','0571','15868456678','webmaster@enowinfo.com','10000','',NULL,NULL,@RoleId,'1,6,7,9,2,8,10,3,215,11,4,216,5,217,12,13,14,15,16,17,18,19,20,21,22,23,24,25,26,27,28,29,30,31,32,33,34,35,36,37,38,39,43,40,44,41,45,42,46,47,48,49,50,51,57,63,69,52,58,64,70,53,59,65,71,54,60,66,72,55,61,67,73,56,62,68,74,75,81,87,93,76,82,88,94,77,83,89,95,78,84,90,96,79,85,91,97,80,86,92,98,99,100,101,102,103,104,106,114,118,119,107,115,120,108,116,121,110,117,122,111,123,112,124,113,125,218,126,127,128,129,131,139,144,146,132,140,145,147,133,141,148,134,142,149,135,143,150,136,137,138,151,153,156,159,152,154,157,160,155,158,161,162,163,164,165,166,167,168,169,170,171,175,179,181,172,176,180,173,177,174,178,182,186,190,194,183,187,191,195,184,188,192,196,185,189,193,197,198,199,200,201,202,203,208,210,211,204,209,205,206,207,212,213,214','0','1','0','2011-2-11 9:48:49',@DepartmentName,@DepartmentId,0,'')
SET IDENTITY_INSERT [tbl_CompanyUser] OFF
GO

--更新部门表总部的负责人
GO
DECLARE @DepartmentId INT
DECLARE @UserId INT
SET @DepartmentId=1
SET @UserId=1
UPDATE [tbl_CompanyDepartment] SET [DepartManger]=@UserId WHERE Id=@DepartmentId
GO


--公司开通后默认的客户等级
DECLARE @CompanyId INT
SET @CompanyId=1
INSERT INTO [tbl_CompanyCustomStand]([CustomStandName],[CompanyId],[OperatorId],[IssueTime],[IsSystem],[IsDelete],[LevType])
VALUES('门市',@CompanyId,0,GETDATE(),'1','0',1)
INSERT INTO [tbl_CompanyCustomStand]([CustomStandName],[CompanyId],[OperatorId],[IssueTime],[IsSystem],[IsDelete],[LevType])
VALUES('同行',@CompanyId,0,GETDATE(),'1','0',2)
GO

--公司开通后默认的报价标准
DECLARE @CompanyId INT
SET @CompanyId=1
INSERT INTO [tbl_CompanyPriceStand]([PriceStandName],[CompanyId],[OperatorId],[IssueTime],[IsDelete])
VALUES('常规',@CompanyId,0,GETDATE(),'0')
GO


--公司默认的省份、城市
declare @companyid int
declare @operatorid int
declare @pid int
set @companyid=1
set @operatorid=0
declare @i int
set @i=1
WHILE(@i<=34)
begin

insert into tbl_companyprovince(provincename,companyid,operatorid)
select provincename,@companyid,@operatorid from tbl_sysprovince where id=@i
SET @pid=@@IDENTITY

insert into tbl_companycity (provinceid,cityname,companyid,isfav,operatorid)
select @pid,cityname,@companyid,'0',@operatorid from tbl_syscity where provinceid=@i
set @i=@i+1

end
GO


--公司配置
DECLARE @CompanyId INT
SET @CompanyId=1
INSERT [tbl_CompanySetting] ([Id],[FieldName],[FieldValue]) VALUES ( @CompanyId,'BackTourDays','1')
INSERT [tbl_CompanySetting] ([Id],[FieldName],[FieldValue]) VALUES ( @CompanyId,'CompanyLogo','')
INSERT [tbl_CompanySetting] ([Id],[FieldName],[FieldValue]) VALUES ( @CompanyId,'ContractReminderDays','1')
INSERT [tbl_CompanySetting] ([Id],[FieldName],[FieldValue]) VALUES ( @CompanyId,'DepartStamp','')
INSERT [tbl_CompanySetting] ([Id],[FieldName],[FieldValue]) VALUES ( @CompanyId,'DisplayAfterMonth','5')
INSERT [tbl_CompanySetting] ([Id],[FieldName],[FieldValue]) VALUES ( @CompanyId,'DisplayBeforeMonth','5')
INSERT [tbl_CompanySetting] ([Id],[FieldName],[FieldValue]) VALUES ( @CompanyId,'LeaveTourDays','1')
INSERT [tbl_CompanySetting] ([Id],[FieldName],[FieldValue]) VALUES ( @CompanyId,'PageFootFile','')
INSERT [tbl_CompanySetting] ([Id],[FieldName],[FieldValue]) VALUES ( @CompanyId,'PageHeadFile','')
INSERT [tbl_CompanySetting] ([Id],[FieldName],[FieldValue]) VALUES ( @CompanyId,'PriceComponent','2')
INSERT [tbl_CompanySetting] ([Id],[FieldName],[FieldValue]) VALUES ( @CompanyId,'ReservationTime','3000')
INSERT [tbl_CompanySetting] ([Id],[FieldName],[FieldValue]) VALUES ( @CompanyId,'TemplateFile','')
INSERT [tbl_CompanySetting] ([Id],[FieldName],[FieldValue]) VALUES ( @CompanyId,'AgencyFee','1')--机票代理费计算方式
INSERT INTO [tbl_CompanySetting]([Id],[FieldName],[FieldValue])VALUES(@CompanyId,'ComputeOrderType',1)--统计订单的方式
INSERT [tbl_CompanySetting] ([Id],[FieldName],[FieldValue]) VALUES ( @CompanyId,'ProfitStatTourPagePath','/StatisticAnalysis/ProfitStatistic/GetTourDetailList.aspx')
INSERT [tbl_CompanySetting] ([Id],[FieldName],[FieldValue]) VALUES ( @CompanyId,'PrintDocument_17','/print/bbl/SaleShouJuPrint.aspx')
INSERT [tbl_CompanySetting] ([Id],[FieldName],[FieldValue]) VALUES ( @CompanyId,'PrintDocument_19','/print/bbl/JiPiaoDanJuPrint.aspx')
INSERT [tbl_CompanySetting] ([Id],[FieldName],[FieldValue]) VALUES ( @CompanyId,'PrintDocument_20','/print/bbl/FastRouteInfoPrint.aspx')
INSERT [tbl_CompanySetting] ([Id],[FieldName],[FieldValue]) VALUES ( @CompanyId,'PrintDocument_21','/print/bbl/StandardRouteInfoPrint.aspx')
INSERT [tbl_CompanySetting] ([Id],[FieldName],[FieldValue]) VALUES ( @CompanyId,'PrintDocument_22','/print/bbl/FastSanFightPrint.aspx')
INSERT [tbl_CompanySetting] ([Id],[FieldName],[FieldValue]) VALUES ( @CompanyId,'PrintDocument_23','/print/bbl/StandardSanFightPrint.aspx')
INSERT [tbl_CompanySetting] ([Id],[FieldName],[FieldValue]) VALUES ( @CompanyId,'PrintDocument_24','/print/bbl/FastTourInfoPrint.aspx')
INSERT [tbl_CompanySetting] ([Id],[FieldName],[FieldValue]) VALUES ( @CompanyId,'PrintDocument_25','/print/bbl/StandardTourInfoPrint.aspx')
INSERT [tbl_CompanySetting] ([Id],[FieldName],[FieldValue]) VALUES ( @CompanyId,'PrintDocument_26','/print/bbl/SanFightVisitorsListPrint.aspx')
INSERT [tbl_CompanySetting] ([Id],[FieldName],[FieldValue]) VALUES ( @CompanyId,'PrintDocument_27','/print/bbl/TourVisitorsListPrint.aspx')
INSERT [tbl_CompanySetting] ([Id],[FieldName],[FieldValue]) VALUES ( @CompanyId,'PrintDocument_28','/print/bbl/OrderVisitorsListPrint.aspx')
INSERT [tbl_CompanySetting] ([Id],[FieldName],[FieldValue]) VALUES ( @CompanyId,'PrintDocument_3','/print/bbl/VisitorsConfirmPrint.aspx')
INSERT [tbl_CompanySetting] ([Id],[FieldName],[FieldValue]) VALUES ( @CompanyId,'PrintDocument_5','/print/bbl/TourQuotePrint.aspx')
INSERT [tbl_CompanySetting] ([Id],[FieldName],[FieldValue]) VALUES ( @CompanyId,'PrintDocument_6','/print/bbl/OffGroupPrint.aspx')
INSERT [tbl_CompanySetting] ([Id],[FieldName],[FieldValue]) VALUES ( @CompanyId,'PrintDocument_8','/print/bbl/TeamSettledPrint.aspx')
INSERT [tbl_CompanySetting] ([Id],[FieldName],[FieldValue]) VALUES ( @CompanyId,'PrintDocument_29','/print/bbl/groupend/OrderVisitorsListPrint.aspx')
INSERT [tbl_CompanySetting] ([Id],[FieldName],[FieldValue]) VALUES ( @CompanyId,'PrintDocument_30','/print/bbl/groupend/FastSanFightPrint.aspx')
INSERT [tbl_CompanySetting] ([Id],[FieldName],[FieldValue]) VALUES ( @CompanyId,'PrintDocument_31','/print/bbl/groupend/StandardSanFightPrint.aspx')
INSERT [tbl_CompanySetting] ([Id],[FieldName],[FieldValue]) VALUES ( @CompanyId,'PrintDocument_32','/print/bbl/groupend/SanFightVisitorsListPrint.aspx')
INSERT [tbl_CompanySetting] ([Id],[FieldName],[FieldValue]) VALUES (  @CompanyId,'PrintDocument_4','/print/bbl/TourConfirmPrint.aspx')--团队确认单
/*
SET @CompanyId=2
INSERT [tbl_CompanySetting] ([Id],[FieldName],[FieldValue]) VALUES ( @CompanyId,'BackTourDays','1')
INSERT [tbl_CompanySetting] ([Id],[FieldName],[FieldValue]) VALUES ( @CompanyId,'CompanyLogo','')
INSERT [tbl_CompanySetting] ([Id],[FieldName],[FieldValue]) VALUES ( @CompanyId,'ContractReminderDays','1')
INSERT [tbl_CompanySetting] ([Id],[FieldName],[FieldValue]) VALUES ( @CompanyId,'DepartStamp','')
INSERT [tbl_CompanySetting] ([Id],[FieldName],[FieldValue]) VALUES ( @CompanyId,'DisplayAfterMonth','5')
INSERT [tbl_CompanySetting] ([Id],[FieldName],[FieldValue]) VALUES ( @CompanyId,'DisplayBeforeMonth','5')
INSERT [tbl_CompanySetting] ([Id],[FieldName],[FieldValue]) VALUES ( @CompanyId,'LeaveTourDays','1')
INSERT [tbl_CompanySetting] ([Id],[FieldName],[FieldValue]) VALUES ( @CompanyId,'PageFootFile','')
INSERT [tbl_CompanySetting] ([Id],[FieldName],[FieldValue]) VALUES ( @CompanyId,'PageHeadFile','')
INSERT [tbl_CompanySetting] ([Id],[FieldName],[FieldValue]) VALUES ( @CompanyId,'PriceComponent','2')
INSERT [tbl_CompanySetting] ([Id],[FieldName],[FieldValue]) VALUES ( @CompanyId,'ReservationTime','3000')
INSERT [tbl_CompanySetting] ([Id],[FieldName],[FieldValue]) VALUES ( @CompanyId,'TemplateFile','')
INSERT [tbl_CompanySetting] ([Id],[FieldName],[FieldValue]) VALUES ( @CompanyId,'AgencyFee','2')--机票代理费计算方式
INSERT INTO [tbl_CompanySetting]([Id],[FieldName],[FieldValue])VALUES(@CompanyId,'ComputeOrderType',2)--统计订单的方式
INSERT [tbl_CompanySetting] ([Id],[FieldName],[FieldValue]) VALUES ( @CompanyId,'ProfitStatTourPagePath','/StatisticAnalysis/ProfitStatistic/GetTourMoreInfoList.aspx')
INSERT [tbl_CompanySetting] ([Id],[FieldName],[FieldValue]) VALUES ( @CompanyId,'PrintDocument_20','/print/wh/FastRouteInfoPrint.aspx')
INSERT [tbl_CompanySetting] ([Id],[FieldName],[FieldValue]) VALUES ( @CompanyId,'PrintDocument_21','/print/wh/StandardRouteInfoPrint.aspx')
INSERT [tbl_CompanySetting] ([Id],[FieldName],[FieldValue]) VALUES ( @CompanyId,'PrintDocument_22','/print/wh/FastSanFightPrint.aspx')
INSERT [tbl_CompanySetting] ([Id],[FieldName],[FieldValue]) VALUES ( @CompanyId,'PrintDocument_23','/print/wh/StandardSanFightPrint.aspx')
INSERT [tbl_CompanySetting] ([Id],[FieldName],[FieldValue]) VALUES ( @CompanyId,'PrintDocument_24','/print/wh/FastTourInfoPrint.aspx')
INSERT [tbl_CompanySetting] ([Id],[FieldName],[FieldValue]) VALUES ( @CompanyId,'PrintDocument_25','/print/wh/StandardTourInfoPrint.aspx')
INSERT [tbl_CompanySetting] ([Id],[FieldName],[FieldValue]) VALUES ( @CompanyId,'PrintDocument_26','/print/wh/SanFightVisitorsListPrint.aspx')
INSERT [tbl_CompanySetting] ([Id],[FieldName],[FieldValue]) VALUES ( @CompanyId,'PrintDocument_27','/print/wh/TourVisitorsListPrint.aspx')
INSERT [tbl_CompanySetting] ([Id],[FieldName],[FieldValue]) VALUES ( @CompanyId,'PrintDocument_28','/print/wh/OrderVisitorsListPrint.aspx')
INSERT [tbl_CompanySetting] ([Id],[FieldName],[FieldValue]) VALUES ( @CompanyId,'PrintDocument_3','/print/wh/VisitorsConfirmPrint.aspx')
INSERT [tbl_CompanySetting] ([Id],[FieldName],[FieldValue]) VALUES ( @CompanyId,'PrintDocument_8','/print/wh/TeamSettledPrint.aspx')
INSERT [tbl_CompanySetting] ([Id],[FieldName],[FieldValue]) VALUES ( @CompanyId,'PrintDocument_29','/print/wh/groupend/OrderVisitorsListPrint.aspx')
INSERT [tbl_CompanySetting] ([Id],[FieldName],[FieldValue]) VALUES ( @CompanyId,'PrintDocument_30','/print/wh/groupend/FastSanFightPrint.aspx')
INSERT [tbl_CompanySetting] ([Id],[FieldName],[FieldValue]) VALUES ( @CompanyId,'PrintDocument_31','/print/wh/groupend/StandardSanFightPrint.aspx')
INSERT [tbl_CompanySetting] ([Id],[FieldName],[FieldValue]) VALUES ( @CompanyId,'PrintDocument_32','/print/wh/groupend/SanFightVisitorsListPrint.aspx')
INSERT [tbl_CompanySetting] ([Id],[FieldName],[FieldValue]) VALUES ( @CompanyId,'PrintDocument_4','/print/wh/TourConfirmPrint.aspx')
INSERT [tbl_CompanySetting] ([Id],[FieldName],[FieldValue]) VALUES ( @CompanyId,'PrintDocument_9','/print/wh/GroundConfirmPrint.aspx')
*/
go
